Generation,meanFitness,Phenotype,Optimum
1,0.981317,110.608399,111.655
2,0.980801,110.580505,111.655
3,0.987234,110.638079,111.291
4,0.991085,110.730214,110.703
5,0.987127,110.796289,110.115
6,0.982929,110.726371,109.753
7,0.984195,110.648942,109.754
8,0.98634,110.863724,110.118
9,0.99108,110.685653,110.707
10,0.987335,110.649572,111.294
11,0.982707,110.686778,111.656
12,0.985061,110.832483,111.654
13,0.98789,110.694562,111.289
14,0.990955,110.835323,110.7
15,0.985409,110.927914,110.113
16,0.982286,110.763421,109.752
17,0.983506,110.692991,109.754
18,0.987431,110.774146,110.12
19,0.990853,110.886457,110.709
20,0.989834,110.924764,111.296
21,0.986544,110.943949,111.657
22,0.986484,110.935582,111.653
23,0.989283,110.841458,111.287
24,0.990754,110.904547,110.698
25,0.98579,110.897912,110.111
26,0.97814,110.978566,109.751
27,0.980945,110.841782,109.755
28,0.98643,110.860176,110.122
29,0.990926,110.857906,110.712
30,0.990074,110.964303,111.298
31,0.985333,110.854854,111.658
32,0.985908,110.891071,111.653
33,0.990204,110.973241,111.285
34,0.990115,111.041140,110.695
35,0.983942,111.023212,110.109
36,0.975427,111.101925,109.75
37,0.975419,111.108953,109.756
38,0.983388,111.073478,110.124
39,0.990302,111.025736,110.714
40,0.990232,110.993060,111.3
41,0.98667,110.954946,111.658
42,0.988084,111.071941,111.652
43,0.990607,111.051216,111.283
44,0.988308,111.270236,110.693
45,0.983271,111.063565,110.107
46,0.973642,111.177265,109.749
47,0.970565,111.306809,109.757
48,0.98428,111.018906,110.126
49,0.989667,111.131248,110.717
50,0.99076,111.109469,111.302
51,0.988485,111.119320,111.659
52,0.988633,111.126704,111.651
53,0.990994,111.167827,111.281
54,0.989103,111.179003,110.69
55,0.983576,111.041784,110.105
56,0.970984,111.282562,109.749
57,0.971756,111.260719,109.758
58,0.982755,111.115502,110.128
59,0.989489,111.159986,110.719
60,0.990872,111.144413,111.304
61,0.988297,111.100569,111.66
62,0.989709,111.255932,111.65
63,0.991072,111.210449,111.279
64,0.989576,111.115184,110.688
65,0.980732,111.203590,110.103
66,0.969157,111.349850,109.748
67,0.97047,111.311863,109.759
68,0.982832,111.112960,110.131
69,0.989736,111.126961,110.722
70,0.99106,111.229493,111.306
71,0.990219,111.345095,111.661
72,0.989591,111.238616,111.649
73,0.990849,111.109967,111.277
74,0.988608,111.229648,110.685
75,0.981773,111.144416,110.101
76,0.974598,111.134692,109.747
77,0.977673,111.009629,109.759
78,0.982575,111.129826,110.133
79,0.990759,110.931110,110.724
80,0.990727,111.106236,111.308
81,0.986811,110.969215,111.661
82,0.987898,111.050954,111.648
83,0.990662,111.056781,111.275
84,0.989238,111.153825,110.683
85,0.982821,111.081306,110.099
86,0.976924,111.030739,109.747
87,0.976903,111.045488,109.76
88,0.982232,111.152266,110.135
89,0.990676,110.954638,110.727
90,0.99023,111.002813,111.31
91,0.988458,111.119034,111.662
92,0.988074,111.066692,111.648
93,0.990125,110.946822,111.273
94,0.989892,111.060966,110.68
95,0.982068,111.123322,110.097
96,0.974122,111.152124,109.746
97,0.974284,111.161431,109.761
98,0.983829,111.057918,110.137
99,0.990272,111.046398,110.729
100,0.990705,111.104391,111.312
101,0.987989,111.073600,111.663
102,0.987961,111.054728,111.647
103,0.990974,111.151565,111.27
104,0.990216,111.004135,110.678
105,0.98557,110.897154,110.095
106,0.97589,111.076021,109.745
107,0.976562,111.062543,109.762
108,0.984391,111.023397,110.139
109,0.989071,111.225071,110.732
110,0.990392,111.036295,111.314
111,0.98886,111.163477,111.664
112,0.988095,111.066969,111.646
113,0.99078,111.081864,111.268
114,0.989499,111.113190,110.675
115,0.983965,111.005209,110.093
116,0.975589,111.088261,109.744
117,0.976452,111.068773,109.763
118,0.983403,111.088724,110.141
119,0.990432,111.021514,110.734
120,0.990497,111.059697,111.316
121,0.988766,111.153748,111.664
122,0.988562,111.113052,111.645
123,0.991014,111.166167,111.266
124,0.989983,111.039622,110.673
125,0.980895,111.182713,110.091
126,0.970256,111.304991,109.744
127,0.972282,111.246524,109.764
128,0.981143,111.222283,110.143
129,0.988997,111.238874,110.737
130,0.990518,111.066849,111.318
131,0.990138,111.335981,111.665
132,0.989426,111.212081,111.644
133,0.990911,111.118485,111.264
134,0.987318,111.339827,110.67
135,0.982357,111.099162,110.089
136,0.971796,111.244800,109.743
137,0.973752,111.187679,109.764
138,0.981959,111.178949,110.145
139,0.990214,111.069994,110.74
140,0.990366,111.037660,111.32
141,0.987752,111.054465,111.666
142,0.986777,110.948639,111.643
143,0.991119,111.236723,111.262
144,0.988499,111.223957,110.667
145,0.980322,111.209150,110.087
146,0.969487,111.332205,109.742
147,0.974179,111.170742,109.765
148,0.982187,111.168046,110.147
149,0.98948,111.182943,110.742
150,0.990865,111.160316,111.322
151,0.98909,111.192510,111.666
152,0.989437,111.211584,111.643
153,0.991131,111.293797,111.26
154,0.987429,111.324940,110.665
155,0.977594,111.342300,110.085
156,0.975115,111.106686,109.742
157,0.977724,111.014345,109.766
158,0.984925,110.999061,110.149
159,0.98981,111.139178,110.745
160,0.990673,111.108077,111.324
161,0.987939,111.073487,111.667
162,0.989813,111.262390,111.642
163,0.991123,111.245918,111.258
164,0.988625,111.204865,110.662
165,0.98254,111.082470,110.083
166,0.976199,111.058656,109.741
167,0.973003,111.220752,109.767
168,0.982557,111.150567,110.151
169,0.989878,111.132915,110.747
170,0.991117,111.298625,111.326
171,0.988207,111.099407,111.668
172,0.989037,111.161081,111.641
173,0.991079,111.192495,111.256
174,0.988956,111.166324,110.66
175,0.978542,111.292471,110.081
176,0.973291,111.181450,109.74
177,0.972178,111.254309,109.768
178,0.980729,111.254601,110.154
179,0.988626,111.293249,110.75
180,0.990761,111.134176,111.328
181,0.988084,111.088123,111.668
182,0.98935,111.197876,111.64
183,0.990929,111.116580,111.254
184,0.988471,111.215980,110.657
185,0.979221,111.256912,110.079
186,0.967979,111.384852,109.74
187,0.971694,111.274459,109.769
188,0.984351,111.043405,110.156
189,0.989134,111.237206,110.752
190,0.991137,111.330805,111.33
191,0.989699,111.272915,111.669
192,0.990775,111.441249,111.639
193,0.991127,111.284029,111.252
194,0.98708,111.344957,110.655
195,0.980321,111.198764,110.077
196,0.971881,111.236936,109.739
197,0.972932,111.226129,109.77
198,0.981715,111.205601,110.158
199,0.989216,111.229382,110.755
200,0.991007,111.223992,111.332
201,0.989497,111.246367,111.67
202,0.989681,111.239348,111.638
203,0.991018,111.148888,111.249
204,0.98835,111.224221,110.652
205,0.97909,111.259339,110.075
206,0.970282,111.298604,109.738
207,0.972898,111.228712,109.771
208,0.978097,111.393769,110.16
209,0.989201,111.235113,110.757
210,0.991116,111.297882,111.334
211,0.989339,111.227201,111.67
212,0.989695,111.241027,111.637
213,0.991102,111.319572,111.247
214,0.986477,111.388858,110.65
215,0.978305,111.296344,110.073
216,0.967609,111.396396,109.738
217,0.969589,111.357810,109.772
218,0.980377,111.281598,110.162
219,0.988104,111.357692,110.76
220,0.991005,111.471915,111.336
221,0.990866,111.501518,111.671
222,0.989785,111.252839,111.636
223,0.991118,111.292329,111.245
224,0.987403,111.308508,110.647
225,0.977227,111.344433,110.071
226,0.96694,111.419398,109.737
227,0.968889,111.385109,109.772
228,0.980676,111.268344,110.164
229,0.988245,111.346144,110.762
230,0.991118,111.307670,111.338
231,0.989425,111.239365,111.672
232,0.989489,111.211186,111.635
233,0.991071,111.340853,111.243
234,0.988585,111.193184,110.645
235,0.976759,111.364368,110.069
236,0.968564,111.361120,109.736
237,0.976916,111.058548,109.773
238,0.979214,111.346124,110.166
239,0.989013,111.265531,110.765
240,0.991076,111.272243,111.34
241,0.989849,111.298142,111.672
242,0.99073,111.426311,111.634
243,0.991087,111.324224,111.241
244,0.987325,111.310764,110.642
245,0.972852,111.529754,110.067
246,0.97096,111.269797,109.736
247,0.971957,111.270006,109.774
248,0.975681,111.512863,110.168
249,0.988381,111.337336,110.767
250,0.991079,111.272901,111.342
251,0.989843,111.297769,111.673
252,0.990474,111.366757,111.633
253,0.990435,111.533854,111.239
254,0.987338,111.307608,110.64
255,0.975021,111.437381,110.065
256,0.96987,111.310981,109.735
257,0.970673,111.320725,109.775
258,0.981539,111.228306,110.171
259,0.989476,111.212446,110.77
260,0.991119,111.312031,111.344
261,0.989836,111.296924,111.674
262,0.988574,111.101878,111.633
263,0.991128,111.239450,111.237
264,0.98857,111.186156,110.637
265,0.975195,111.428138,110.063
266,0.968981,111.343372,109.734
267,0.973437,111.212419,109.776
268,0.981923,111.208526,110.173
269,0.990233,111.098811,110.772
270,0.991118,111.313242,111.346
271,0.990302,111.374399,111.674
272,0.989923,111.268988,111.632
273,0.991103,111.293247,111.234
274,0.986126,111.401835,110.635
275,0.976967,111.346807,110.061
276,0.968523,111.359380,109.734
277,0.97178,111.280631,109.777
278,0.978416,111.393647,110.175
279,0.986585,111.508090,110.775
280,0.991138,111.349895,111.348
281,0.988894,111.178367,111.675
282,0.990624,111.395708,111.631
283,0.991066,111.331603,111.232
284,0.986923,111.335240,110.632
285,0.977314,111.329273,110.059
286,0.972285,111.215067,109.733
287,0.972555,111.250171,109.778
288,0.983189,111.138978,110.177
289,0.990394,111.073180,110.777
290,0.99111,111.312651,111.35
291,0.989411,111.241359,111.675
292,0.989761,111.243300,111.63
293,0.991131,111.255531,111.23
294,0.987888,111.246865,110.63
295,0.977996,111.295274,110.057
296,0.970689,111.277151,109.733
297,0.971608,111.288756,109.779
298,0.981078,111.262328,110.179
299,0.989365,111.238475,110.78
300,0.9908,111.168749,111.352
301,0.989505,111.253349,111.676
302,0.989074,111.153204,111.629
303,0.991127,111.241395,111.228
304,0.989189,111.104706,110.627
305,0.981541,111.111910,110.056
306,0.976039,111.056383,109.732
307,0.975511,111.127850,109.78
308,0.984702,111.046215,110.181
309,0.990303,111.095714,110.782
310,0.990905,111.204382,111.354
311,0.988108,111.098949,111.677
312,0.98733,110.979663,111.628
313,0.990914,111.083727,111.226
314,0.989624,111.044162,110.625
315,0.982389,111.061742,110.054
316,0.978738,110.930021,109.731
317,0.977522,111.037996,109.781
318,0.983898,111.100506,110.183
319,0.991031,110.879839,110.785
320,0.989822,110.981771,111.356
321,0.984819,110.838842,111.677
322,0.989361,111.186256,111.627
323,0.990766,111.033302,111.224
324,0.989034,111.118378,110.622
325,0.979126,111.234928,110.052
326,0.972282,111.212578,109.731
327,0.978697,110.983271,109.782
328,0.98295,111.161577,110.186
329,0.990288,111.102673,110.787
330,0.99044,111.088258,111.358
331,0.988838,111.175060,111.678
332,0.987331,110.977629,111.626
333,0.990425,110.951565,111.222
334,0.988009,111.225391,110.62
335,0.980356,111.170013,110.05
336,0.97154,111.241337,109.73
337,0.977837,111.025584,109.783
338,0.986541,110.917255,110.188
339,0.99042,111.079005,110.79
340,0.990556,111.114907,111.359
341,0.988592,111.149330,111.678
342,0.988812,111.120282,111.625
343,0.991016,111.121440,111.219
344,0.989684,111.028576,110.617
345,0.982821,111.030366,110.048
346,0.974662,111.113543,109.73
347,0.974329,111.182412,109.784
348,0.986586,110.915772,110.19
349,0.9907,111.015224,110.793
350,0.989681,110.966759,111.361
351,0.987493,111.044258,111.679
352,0.988288,111.064261,111.624
353,0.991108,111.272225,111.217
354,0.989487,111.052848,110.614
355,0.983041,111.015145,110.046
356,0.971804,111.229116,109.729
357,0.975633,111.127559,109.785
358,0.985676,110.988372,110.192
359,0.990224,111.121910,110.795
360,0.990632,111.136612,111.363
361,0.987364,111.033846,111.679
362,0.988133,111.048114,111.623
363,0.991121,111.238831,111.215
364,0.988705,111.145510,110.612
365,0.979021,111.232032,110.044
366,0.972139,111.216333,109.729
367,0.975587,111.130935,109.786
368,0.98352,111.135916,110.194
369,0.99063,111.038726,110.798
370,0.991099,111.310925,111.365
371,0.987983,111.090282,111.68
372,0.989416,111.188613,111.622
373,0.990908,111.383253,111.213
374,0.988667,111.147092,110.609
375,0.982518,111.042495,110.042
376,0.969712,111.309344,109.728
377,0.973893,111.204091,109.787
378,0.985374,111.015048,110.196
379,0.990636,111.041359,110.8
380,0.990245,111.061296,111.367
381,0.987442,111.041483,111.681
382,0.989315,111.174976,111.621
383,0.990652,110.991504,111.211
384,0.989301,111.069787,110.607
385,0.982582,111.036557,110.04
386,0.973871,111.144800,109.727
387,0.975233,111.148225,109.788
388,0.9837,111.128970,110.199
389,0.990732,111.016879,110.803
390,0.990244,111.063054,111.369
391,0.988741,111.167748,111.681
392,0.98818,111.049938,111.62
393,0.990995,111.098981,111.209
394,0.988602,111.148530,110.604
395,0.979058,111.224977,110.038
396,0.975563,111.072731,109.727
397,0.977782,111.034441,109.789
398,0.983791,111.125587,110.201
399,0.990925,110.955679,110.805
400,0.990116,111.042315,111.371
401,0.987464,111.044485,111.682
402,0.988415,111.072300,111.619
403,0.991111,111.189299,111.206
404,0.989832,110.992239,110.602
405,0.980277,111.160732,110.037
406,0.974849,111.102646,109.726
407,0.976312,111.102999,109.79
408,0.986031,110.972779,110.203
409,0.990899,110.969212,110.808
410,0.988998,110.891276,111.373
411,0.986207,110.942801,111.682
412,0.988082,111.038087,111.618
413,0.991034,111.114982,111.204
414,0.990076,110.950043,110.599
415,0.982105,111.059096,110.035
416,0.977707,110.974221,109.726
417,0.975548,111.138123,109.791
418,0.986493,110.939714,110.205
419,0.990983,110.936972,110.81
420,0.988969,110.890408,111.375
421,0.98557,110.896471,111.683
422,0.988034,111.032620,111.617
423,0.990255,110.900057,111.202
424,0.990959,110.725130,110.597
425,0.984897,110.882991,110.033
426,0.980092,110.856727,109.725
427,0.980991,110.876000,109.792
428,0.988329,110.777017,110.207
429,0.990984,110.715673,110.813
430,0.98703,110.705244,111.376
431,0.984236,110.807165,111.683
432,0.985986,110.860615,111.616
433,0.989532,110.787229,111.2
434,0.990596,110.841190,110.594
435,0.986194,110.787163,110.031
436,0.980366,110.841310,109.725
437,0.979547,110.953063,109.793
438,0.989623,110.624757,110.21
439,0.991094,110.832711,110.815
440,0.988546,110.847674,111.378
441,0.986358,110.955838,111.684
442,0.985214,110.804122,111.615
443,0.990366,110.915875,111.198
444,0.990975,110.710327,110.592
445,0.985232,110.856201,110.029
446,0.981042,110.805278,109.724
447,0.982913,110.769146,109.794
448,0.987492,110.861244,110.212
449,0.99108,110.791349,110.818
450,0.987906,110.786217,111.38
451,0.981964,110.672441,111.684
452,0.984525,110.756794,111.614
453,0.990282,110.899168,111.195
454,0.989985,110.955861,110.589
455,0.984622,110.895852,110.027
456,0.979633,110.878629,109.724
457,0.982861,110.773088,109.795
458,0.988405,110.775882,110.214
459,0.991091,110.848028,110.82
460,0.988948,110.895202,111.382
461,0.984864,110.849498,111.685
462,0.986545,110.900368,111.613
463,0.989851,110.824857,111.193
464,0.990293,110.899723,110.587
465,0.985521,110.831842,110.025
466,0.980025,110.857778,109.723
467,0.983895,110.710713,109.796
468,0.988525,110.766097,110.216
469,0.991045,110.759437,110.823
470,0.986436,110.664666,111.384
471,0.982777,110.719659,111.685
472,0.985353,110.810615,111.612
473,0.989736,110.806940,111.191
474,0.991076,110.605830,110.584
475,0.98859,110.563962,110.023
476,0.98282,110.703098,109.723
477,0.9837,110.724514,109.797
478,0.989043,110.709843,110.218
479,0.990935,110.704359,110.825
480,0.985624,110.606392,111.386
481,0.982994,110.732926,111.686
482,0.982591,110.634772,111.61
483,0.989398,110.758779,111.189
484,0.990548,110.840838,110.582
485,0.98474,110.881841,110.022
486,0.980175,110.849200,109.722
487,0.983273,110.751898,109.798
488,0.989026,110.713486,110.221
489,0.990902,110.692001,110.828
490,0.987187,110.729485,111.388
491,0.986194,110.945915,111.686
492,0.985988,110.854375,111.609
493,0.990228,110.880558,111.187
494,0.989965,110.947481,110.579
495,0.984391,110.904014,110.02
496,0.982448,110.723692,109.722
497,0.982563,110.795074,109.799
498,0.98809,110.816916,110.223
499,0.990991,110.952529,110.83
500,0.987577,110.765464,111.389
501,0.981477,110.647975,111.687
502,0.984198,110.730222,111.608
503,0.990406,110.911488,111.184
504,0.990076,110.928033,110.577
505,0.987275,110.684823,110.018
506,0.980643,110.824063,109.721
507,0.981257,110.869814,109.801
508,0.987972,110.830476,110.225
509,0.991091,110.864313,110.833
510,0.987792,110.786298,111.391
511,0.984434,110.823242,111.687
512,0.985571,110.822027,111.607
513,0.990272,110.884270,111.182
514,0.990742,110.781980,110.574
515,0.984985,110.860389,110.016
516,0.981893,110.754610,109.721
517,0.979712,110.952345,109.802
518,0.989267,110.690403,110.227
519,0.991086,110.813701,110.835
520,0.98722,110.738024,111.393
521,0.984693,110.841061,111.688
522,0.986961,110.927113,111.606
523,0.989664,110.785440,111.18
524,0.990532,110.834626,110.572
525,0.985476,110.823391,110.014
526,0.978443,110.934079,109.72
527,0.983348,110.751837,109.803
528,0.98881,110.748314,110.23
529,0.990941,110.719544,110.838
530,0.988219,110.830816,111.395
531,0.984524,110.830367,111.688
532,0.985336,110.803143,111.605
533,0.98969,110.787044,111.178
534,0.989968,110.938028,110.569
535,0.983784,110.935779,110.012
536,0.98035,110.837410,109.72
537,0.981873,110.839280,109.804
538,0.986389,110.974379,110.232
539,0.991096,110.872872,110.84
540,0.988083,110.819765,111.397
541,0.986515,110.972831,111.688
542,0.985904,110.842277,111.604
543,0.989004,110.697302,111.175
544,0.990359,110.866026,110.567
545,0.985712,110.803179,110.011
546,0.980527,110.827909,109.72
547,0.980894,110.894113,109.805
548,0.986413,110.975448,110.234
549,0.991103,110.861892,110.843
550,0.989007,110.918392,111.399
551,0.984427,110.824888,111.689
552,0.985142,110.787441,111.603
553,0.9899,110.813521,111.173
554,0.990115,110.908360,110.564
555,0.98375,110.934719,110.009
556,0.979066,110.902616,109.719
557,0.980252,110.929432,109.806
558,0.988569,110.780381,110.236
559,0.991072,110.803712,110.845
560,0.988479,110.862730,111.4
561,0.984618,110.837544,111.689
562,0.987282,110.949640,111.602
563,0.990974,111.053112,111.171
564,0.989547,110.992847,110.562
565,0.984389,110.891006,110.007
566,0.977174,110.991459,109.719
567,0.980027,110.942698,109.807
568,0.986827,110.946702,110.238
569,0.991094,110.884576,110.848
570,0.988308,110.846800,111.402
571,0.986892,111.004404,111.69
572,0.985872,110.837041,111.601
573,0.990876,111.014267,111.169
574,0.989534,110.992265,110.559
575,0.983709,110.933688,110.005
576,0.976856,111.006056,109.718
577,0.977409,111.071766,109.808
578,0.986477,110.976718,110.241
579,0.990685,111.081260,110.85
580,0.990301,111.106924,111.404
581,0.985443,110.895195,111.69
582,0.987494,110.965889,111.599
583,0.991063,111.098985,111.166
584,0.988568,111.104741,110.557
585,0.981617,111.054855,110.003
586,0.975852,111.050624,109.718
587,0.97902,110.996277,109.809
588,0.985548,111.049697,110.243
589,0.991017,110.960925,110.853
590,0.988397,110.859328,111.406
591,0.986423,110.967850,111.691
592,0.98897,111.111623,111.598
593,0.991033,111.075216,111.164
594,0.98872,111.086420,110.554
595,0.981876,111.038631,110.002
596,0.976148,111.036903,109.717
597,0.980294,110.931865,109.81
598,0.9845,111.124466,110.245
599,0.991098,110.856473,110.855
600,0.989681,111.012361,111.408
601,0.987542,111.060656,111.691
602,0.987488,110.963066,111.597
603,0.991035,111.075911,111.162
604,0.989104,111.039072,110.552
605,0.981718,111.046194,110.0
606,0.978656,110.920030,109.717
607,0.980413,110.927076,109.812
608,0.987223,110.921361,110.247
609,0.991056,110.942073,110.858
610,0.989243,110.957196,111.409
611,0.98671,110.991144,111.691
612,0.988853,111.095863,111.596
613,0.991121,111.153989,111.16
614,0.988304,111.125626,110.549
615,0.981904,111.033554,109.998
616,0.97816,110.943303,109.717
617,0.978248,111.036381,109.813
618,0.987011,110.941434,110.25
619,0.991074,110.815902,110.86
620,0.988064,110.831698,111.411
621,0.986182,110.950440,111.692
622,0.987156,110.931907,111.595
623,0.990799,110.978856,111.157
624,0.989778,110.944535,110.547
625,0.979545,111.157625,109.996
626,0.97888,110.909063,109.716
627,0.983499,110.753913,109.814
628,0.988646,110.789205,110.252
629,0.991099,110.892940,110.863
630,0.988596,110.887196,111.413
631,0.985209,110.880727,111.692
632,0.987492,110.959801,111.594
633,0.990999,111.049725,111.155
634,0.989378,110.997918,110.544
635,0.983456,110.938320,109.994
636,0.977321,110.982781,109.716
637,0.980812,110.909734,109.815
638,0.986859,110.960029,110.254
639,0.990748,111.079138,110.865
640,0.990141,111.089596,111.415
641,0.988495,111.152959,111.693
642,0.987576,110.966364,111.593
643,0.990986,111.041299,111.153
644,0.988832,111.061004,110.542
645,0.984059,110.898575,109.993
646,0.978823,110.910948,109.715
647,0.980392,110.932253,109.816
648,0.986979,110.951286,110.256
649,0.990684,111.097296,110.868
650,0.989698,111.023200,111.417
651,0.987728,111.079139,111.693
652,0.986558,110.880263,111.591
653,0.990999,111.043182,111.151
654,0.989447,110.983431,110.539
655,0.981722,111.036362,109.991
656,0.977377,110.979525,109.715
657,0.9786,111.024359,109.817
658,0.985898,111.039074,110.259
659,0.990931,111.022508,110.87
660,0.989772,111.035983,111.418
661,0.987611,111.069245,111.693
662,0.987903,110.993729,111.59
663,0.990917,111.008972,111.148
664,0.989935,110.910908,110.537
665,0.98397,110.900865,109.989
666,0.97862,110.919882,109.715
667,0.979962,110.957595,109.819
668,0.986991,110.955612,110.261
669,0.991077,110.938080,110.873
670,0.989801,111.041604,111.42
671,0.98675,110.996621,111.694
672,0.988147,111.015941,111.589
673,0.991093,111.096552,111.146
674,0.988071,111.132758,110.534
675,0.98097,111.074649,109.987
676,0.976342,111.025369,109.714
677,0.978151,111.049093,109.82
678,0.988036,110.863773,110.263
679,0.990683,111.108914,110.875
680,0.989339,110.981111,111.422
681,0.986636,110.987908,111.694
682,0.988876,111.090497,111.588
683,0.990905,111.000060,111.144
684,0.989616,110.952349,110.532
685,0.976791,111.279556,109.986
686,0.974505,111.105684,109.714
687,0.978017,111.056212,109.821
688,0.987357,110.928562,110.266
689,0.990719,111.099346,110.878
690,0.989635,111.021969,111.424
691,0.986091,110.946324,111.694
692,0.989455,111.159096,111.587
693,0.990897,110.994225,111.142
694,0.989728,110.933402,110.529
695,0.979688,111.137590,109.984
696,0.973742,111.136796,109.714
697,0.977185,111.096392,109.822
698,0.987047,110.956950,110.268
699,0.990778,111.086752,110.88
700,0.990305,111.128088,111.425
701,0.987953,111.101685,111.695
702,0.988626,111.061335,111.586
703,0.991097,111.209024,111.139
704,0.987308,111.197033,110.527
705,0.98101,111.066691,109.982
706,0.977088,110.990218,109.713
707,0.974804,111.202493,109.823
708,0.983054,111.240970,110.27
709,0.990235,111.211497,110.883
710,0.989154,110.963343,111.427
711,0.987652,111.074526,111.695
712,0.987647,110.964572,111.584
713,0.990952,111.010742,111.137
714,0.988419,111.088878,110.524
715,0.979779,111.130177,109.98
716,0.974347,111.111035,109.713
717,0.975837,111.159636,109.825
718,0.9842,111.171805,110.272
719,0.990593,111.139517,110.885
720,0.990243,111.121414,111.429
721,0.98906,111.217783,111.695
722,0.989633,111.178983,111.583
723,0.991059,111.062225,111.135
724,0.986981,111.219476,110.522
725,0.979412,111.146443,109.979
726,0.975945,111.041390,109.713
727,0.979002,111.012885,109.826
728,0.986243,111.029380,110.275
729,0.990867,111.064009,110.888
730,0.98957,111.019650,111.431
731,0.987903,111.098452,111.696
732,0.988656,111.060646,111.582
733,0.990894,110.983839,111.133
734,0.988837,111.037113,110.519
735,0.982433,110.981216,109.977
736,0.977971,110.948092,109.712
737,0.980702,110.926797,109.827
738,0.987633,110.914170,110.277
739,0.991085,110.949077,110.89
740,0.987773,110.825335,111.432
741,0.985965,110.938058,111.696
742,0.987591,110.955705,111.581
743,0.990716,110.928662,111.13
744,0.989174,110.995403,110.517
745,0.982066,111.001636,109.975
746,0.97532,111.068116,109.712
747,0.981049,110.909097,109.828
748,0.988243,110.857465,110.279
749,0.990998,111.012965,110.893
750,0.989205,110.976463,111.434
751,0.986201,110.956361,111.696
752,0.989186,111.118279,111.58
753,0.99099,111.018026,111.128
754,0.988652,111.052812,110.514
755,0.982452,110.977748,109.973
756,0.976111,111.032485,109.712
757,0.981976,110.859471,109.829
758,0.986176,111.041826,110.281
759,0.991085,110.955572,110.895
760,0.988123,110.861574,111.436
761,0.986188,110.955627,111.697
762,0.987815,110.973842,111.578
763,0.990921,110.988432,111.126
764,0.989726,110.916114,110.512
765,0.982479,110.974596,109.972
766,0.978661,110.914369,109.711
767,0.979889,110.972997,109.831
768,0.987675,110.917881,110.284
769,0.991085,110.868678,110.898
770,0.989133,110.971710,111.438
771,0.983891,110.798533,111.697
772,0.98864,111.054070,111.577
773,0.9905,110.870371,111.123
774,0.988153,111.099828,110.509
775,0.981903,111.005774,109.97
776,0.97788,110.951431,109.711
777,0.981336,110.898263,109.832
778,0.989188,110.759857,110.286
779,0.991098,110.883901,110.9
780,0.987575,110.814406,111.439
781,0.984934,110.866651,111.697
782,0.98641,110.852797,111.576
783,0.990046,110.784459,111.121
784,0.989068,110.998066,110.507
785,0.986257,110.719624,109.968
786,0.980575,110.817038,109.711
787,0.983091,110.798486,109.833
788,0.989884,110.666424,110.288
789,0.99109,110.874336,110.903
790,0.986128,110.697952,111.441
791,0.984847,110.861197,111.698
792,0.986965,110.896170,111.575
793,0.990424,110.850084,111.119
794,0.990636,110.740378,110.504
795,0.984038,110.873686,109.966
796,0.981388,110.772635,109.71
797,0.982429,110.839149,109.834
798,0.989467,110.729609,110.291
799,0.990682,110.699311,110.905
800,0.986646,110.739506,111.443
801,0.9841,110.812424,111.698
802,0.985781,110.803521,111.573
803,0.989675,110.724327,111.116
804,0.990087,110.850020,110.502
805,0.98433,110.852711,109.965
806,0.981641,110.757981,109.71
807,0.980009,110.972156,109.836
808,0.989081,110.780210,110.293
809,0.990875,110.757042,110.908
810,0.987661,110.827201,111.444
811,0.984617,110.846442,111.698
812,0.987289,110.920679,111.572
813,0.990354,110.832014,111.114
814,0.989957,110.870026,110.499
815,0.986363,110.705506,109.963
816,0.979731,110.859854,109.71
817,0.981741,110.880220,109.837
818,0.989128,110.778012,110.295
819,0.991,110.814430,110.91
820,0.988767,110.938546,111.446
821,0.985704,110.921540,111.698
822,0.987943,110.978525,111.571
823,0.990407,110.839323,111.112
824,0.989864,110.882159,110.497
825,0.982589,110.956967,109.961
826,0.979269,110.882182,109.71
827,0.981959,110.868758,109.838
828,0.988735,110.824859,110.298
829,0.991037,110.837325,110.912
830,0.987381,110.805608,111.448
831,0.983962,110.804715,111.699
832,0.988633,111.045721,111.57
833,0.990914,110.969302,111.11
834,0.990164,110.827785,110.495
835,0.98592,110.736803,109.96
836,0.982923,110.684027,109.709
837,0.98332,110.790786,109.839
838,0.988818,110.818362,110.3
839,0.990665,110.704152,110.915
840,0.98689,110.765603,111.449
841,0.983869,110.799008,111.699
842,0.985049,110.746379,111.568
843,0.989443,110.683083,111.107
844,0.990302,110.800349,110.492
845,0.986843,110.662092,109.958
846,0.982668,110.698021,109.709
847,0.982699,110.828515,109.841
848,0.989495,110.736902,110.302
849,0.990687,110.712795,110.917
850,0.988757,110.941832,111.451
851,0.984512,110.840639,111.699
852,0.986475,110.849244,111.567
853,0.990612,110.878014,111.105
854,0.990659,110.719151,110.49
855,0.985926,110.731692,109.956
856,0.980233,110.832508,109.709
857,0.981969,110.872479,109.842
858,0.988985,110.803594,110.305
859,0.991104,110.914837,110.92
860,0.987561,110.826360,111.453
861,0.984093,110.813614,111.7
862,0.986221,110.828269,111.566
863,0.990294,110.809085,111.103
864,0.989747,110.887329,110.487
865,0.981821,110.994461,109.955
866,0.979769,110.856666,109.709
867,0.98229,110.855329,109.843
868,0.989129,110.788886,110.307
869,0.990356,110.644167,110.922
870,0.987647,110.836000,111.454
871,0.98436,110.831058,111.7
872,0.986317,110.834480,111.564
873,0.990595,110.869418,111.1
874,0.990628,110.723755,110.485
875,0.985199,110.782001,109.953
876,0.977573,110.963259,109.708
877,0.979713,110.996306,109.844
878,0.989068,110.798615,110.309
879,0.990958,110.808430,110.925
880,0.988295,110.898921,111.456
881,0.985035,110.876411,111.7
882,0.987377,110.919573,111.563
883,0.9909,110.953316,111.098
884,0.990322,110.784441,110.482
885,0.982747,110.937943,109.951
886,0.980003,110.843723,109.708
887,0.982836,110.825967,109.846
888,0.988629,110.850700,110.311
889,0.991103,110.915308,110.927
890,0.987432,110.819701,111.458
891,0.987282,111.047261,111.7
892,0.988243,110.998274,111.562
893,0.990984,110.984883,111.096
894,0.98741,111.140556,110.48
895,0.983853,110.868406,109.95
896,0.976918,110.993116,109.708
897,0.979704,110.999547,109.847
898,0.987626,110.952838,110.314
899,0.991108,110.935745,110.93
900,0.988715,110.946150,111.459
901,0.985602,110.916166,111.7
902,0.987784,110.953193,111.561
903,0.990575,110.857903,111.093
904,0.989338,110.934249,110.477
905,0.981455,111.008423,109.948
906,0.97974,110.856802,109.708
907,0.980635,110.952326,109.848
908,0.989408,110.762195,110.316
909,0.991059,110.870775,110.932
910,0.987763,110.852813,111.461
911,0.986325,110.970214,111.701
912,0.98566,110.780590,111.559
913,0.990832,110.923627,111.091
914,0.989741,110.877650,110.475
915,0.984224,110.840876,109.946
916,0.980492,110.818029,109.708
917,0.983459,110.791969,109.85
918,0.989436,110.761266,110.318
919,0.991105,110.936164,110.935
920,0.987066,110.793643,111.463
921,0.985766,110.928820,111.701
922,0.986139,110.814632,111.558
923,0.990374,110.810634,111.089
924,0.989657,110.886170,110.472
925,0.985207,110.772954,109.945
926,0.980655,110.808971,109.707
927,0.982323,110.861382,109.851
928,0.98839,110.884989,110.321
929,0.990942,110.813275,110.937
930,0.987205,110.807219,111.464
931,0.98568,110.922659,111.701
932,0.98646,110.837760,111.557
933,0.990222,110.780228,111.086
934,0.990437,110.750613,110.47
935,0.985695,110.735827,109.943
936,0.981684,110.752377,109.707
937,0.984866,110.703933,109.852
938,0.988437,110.883231,110.323
939,0.990099,110.614464,110.94
940,0.986308,110.736344,111.466
941,0.982875,110.741150,111.701
942,0.985864,110.791388,111.555
943,0.99053,110.838222,111.084
944,0.990112,110.810856,110.467
945,0.985006,110.784093,109.941
946,0.979967,110.845030,109.707
947,0.982267,110.867228,109.854
948,0.988733,110.854168,110.325
949,0.990813,110.772591,110.942
950,0.986848,110.780856,111.468
951,0.985121,110.883144,111.701
952,0.987594,110.929378,111.554
953,0.990628,110.858819,111.082
954,0.990537,110.724928,110.465
955,0.982892,110.917713,109.94
956,0.980419,110.821226,109.707
957,0.981921,110.888802,109.855
958,0.989633,110.743398,110.328
959,0.990885,110.798256,110.945
960,0.987437,110.832062,111.469
961,0.984987,110.874607,111.702
962,0.985705,110.777350,111.553
963,0.990282,110.784130,111.079
964,0.988227,111.045301,110.462
965,0.984667,110.803489,109.938
966,0.980208,110.831807,109.707
967,0.983215,110.813302,109.856
968,0.987592,110.972574,110.33
969,0.991106,110.949014,110.947
970,0.987461,110.835890,111.471
971,0.985896,110.939151,111.702
972,0.986788,110.858732,111.551
973,0.991021,110.985560,111.077
974,0.988475,111.018529,110.46
975,0.983236,110.893818,109.936
976,0.977553,110.963094,109.706
977,0.982046,110.884553,109.858
978,0.988913,110.840878,110.333
979,0.990968,110.836372,110.949
980,0.988203,110.906413,111.473
981,0.98532,110.897987,111.702
982,0.987277,110.897873,111.55
983,0.990639,110.855148,111.075
984,0.989367,110.913032,110.458
985,0.980061,111.070341,109.935
986,0.977183,110.979674,109.706
987,0.983554,110.796096,109.859
988,0.989993,110.696784,110.335
989,0.991043,110.879728,110.952
990,0.985957,110.718076,111.474
991,0.984515,110.843771,111.702
992,0.986306,110.817648,111.549
993,0.990371,110.793963,111.072
994,0.989005,110.954561,110.455
995,0.980622,111.038961,109.933
996,0.978928,110.896239,109.706
997,0.984597,110.731090,109.86
998,0.989829,110.725732,110.337
999,0.990408,110.685580,110.954
1000,0.986958,110.797820,111.476
1001,0.982631,110.728597,111.702
1002,0.986756,110.851989,111.547
1003,0.990635,110.848471,111.07
1004,0.990566,110.704340,110.453
1005,0.984976,110.777057,109.932
1006,0.980305,110.826199,109.706
1007,0.980423,110.977404,109.862
1008,0.989266,110.804867,110.34
1009,0.990964,110.840691,110.957
1010,0.988172,110.908127,111.477
1011,0.982377,110.713727,111.702
1012,0.985944,110.788553,111.546
1013,0.990913,110.928612,111.067
1014,0.990079,110.799430,110.45
1015,0.982574,110.926751,109.93
1016,0.981158,110.780455,109.706
1017,0.981051,110.945063,109.863
1018,0.988859,110.857163,110.342
1019,0.99076,110.772430,110.959
1020,0.988475,110.939926,111.479
1021,0.984194,110.823892,111.703
1022,0.986723,110.846655,111.544
1023,0.990635,110.844287,111.065
1024,0.989432,110.894175,110.448
1025,0.983268,110.883858,109.928
1026,0.976875,110.992749,109.706
1027,0.984061,110.769299,109.864
1028,0.98866,110.881703,110.344
1029,0.991106,110.950814,110.962
1030,0.987356,110.836092,111.481
1031,0.985001,110.876888,111.703
1032,0.988912,111.050178,111.543
1033,0.990909,110.922591,111.063
1034,0.990231,110.767903,110.445
1035,0.982889,110.905509,109.927
1036,0.980531,110.813463,109.705
1037,0.983567,110.802127,109.866
1038,0.988141,110.938007,110.347
1039,0.990977,110.852303,110.964
1040,0.988957,110.995178,111.482
1041,0.986692,111.001105,111.703
1042,0.989068,111.067309,111.542
1043,0.990636,110.839535,111.06
1044,0.989071,110.933507,110.443
1045,0.981683,110.973499,109.925
1046,0.974269,111.107045,109.705
1047,0.979307,111.040549,109.867
1048,0.987509,110.998672,110.349
1049,0.991095,110.933708,110.967
1050,0.988801,110.979074,111.484
1051,0.988302,111.143799,111.703
1052,0.987799,110.934873,111.54
1053,0.991105,111.032664,111.058
1054,0.987994,111.046886,110.44
1055,0.982483,110.925834,109.924
1056,0.976489,111.010869,109.705
1057,0.979242,111.044749,109.869
1058,0.987732,110.982077,110.351
1059,0.990989,111.097894,110.969
1060,0.989342,111.044227,111.485
1061,0.985387,110.903971,111.703
1062,0.987949,110.947215,111.539
1063,0.991116,111.044032,111.056
1064,0.986527,111.172448,110.438
1065,0.980875,111.014556,109.922
1066,0.975705,111.045045,109.705
1067,0.977721,111.119837,109.87
1068,0.987225,111.029358,110.354
1069,0.991043,111.071037,110.971
1070,0.988456,110.945805,111.487
1071,0.986313,110.971707,111.703
1072,0.989053,111.061276,111.538
1073,0.990956,110.931422,111.053
1074,0.988061,111.034796,110.436
1075,0.979702,111.074167,109.921
1076,0.978654,110.909014,109.705
1077,0.977265,111.142129,109.871
1078,0.986949,111.055052,110.356
1079,0.991086,110.935718,110.974
1080,0.986502,110.773346,111.489
1081,0.986235,110.966016,111.703
1082,0.987144,110.873180,111.536
1083,0.991078,110.992976,111.051
1084,0.989189,110.910380,110.433
1085,0.983647,110.851384,109.919
1086,0.980904,110.793758,109.705
1087,0.983153,110.835133,109.873
1088,0.988425,110.920224,110.358
1089,0.990987,110.870678,110.976
1090,0.98735,110.844674,111.49
1091,0.983256,110.766321,111.703
1092,0.987138,110.871328,111.535
1093,0.990717,110.847834,111.049
1094,0.990216,110.756377,110.431
1095,0.983632,110.849812,109.917
1096,0.980266,110.828078,109.705
1097,0.983073,110.840711,109.874
1098,0.989505,110.795990,110.361
1099,0.990807,110.806868,110.979
1100,0.988613,110.966881,111.492
1101,0.984062,110.816025,111.704
1102,0.987034,110.861334,111.533
1103,0.990987,110.937433,111.046
1104,0.989449,110.871494,110.428
1105,0.984762,110.774793,109.916
1106,0.980988,110.789220,109.705
1107,0.984006,110.784242,109.876
1108,0.989842,110.749602,110.363
1109,0.990676,110.771447,110.981
1110,0.986293,110.762400,111.493
1111,0.983623,110.788840,111.704
1112,0.982869,110.573214,111.532
1113,0.98973,110.659937,111.044
1114,0.990614,110.665370,110.426
1115,0.985622,110.713127,109.914
1116,0.980349,110.822796,109.705
1117,0.986071,110.642145,109.877
1118,0.989924,110.740180,110.366
1119,0.989965,110.635994,110.984
1120,0.983698,110.586520,111.495
1121,0.982283,110.709726,111.704
1122,0.982683,110.561214,111.531
1123,0.990705,110.838215,111.041
1124,0.990473,110.697054,110.423
1125,0.986168,110.670745,109.913
1126,0.984644,110.569560,109.705
1127,0.986797,110.585983,109.878
1128,0.989817,110.757869,110.368
1129,0.990032,110.649027,110.986
1130,0.984395,110.631777,111.496
1131,0.979487,110.562183,111.704
1132,0.983951,110.636170,111.529
1133,0.989922,110.683551,111.039
1134,0.990496,110.690239,110.421
1135,0.985632,110.709446,109.911
1136,0.981693,110.749954,109.704
1137,0.984168,110.778519,109.88
1138,0.989636,110.787066,110.37
1139,0.990236,110.686139,110.988
1140,0.98612,110.753678,111.498
1141,0.982487,110.721589,111.704
1142,0.98676,110.832790,111.528
1143,0.990434,110.771087,111.037
1144,0.99051,110.682986,110.419
1145,0.984423,110.791578,109.91
1146,0.981668,110.751250,109.704
1147,0.98323,110.839394,109.881
1148,0.989598,110.794936,110.373
1149,0.990789,110.812147,110.991
1150,0.987737,110.888901,111.499
1151,0.983086,110.756484,111.704
1152,0.987116,110.861070,111.526
1153,0.990479,110.778029,111.034
1154,0.989853,110.800866,110.416
1155,0.985049,110.747596,109.908
1156,0.978629,110.908693,109.704
1157,0.984965,110.728329,109.883
1158,0.989159,110.854625,110.375
1159,0.991056,110.925273,110.993
1160,0.987525,110.871064,111.501
1161,0.983864,110.804069,111.704
1162,0.987465,110.889392,111.525
1163,0.990035,110.694637,111.032
1164,0.989886,110.793844,110.414
1165,0.980397,111.024104,109.907
1166,0.980163,110.832123,109.704
1167,0.983795,110.806654,109.884
1168,0.989672,110.789450,110.378
1169,0.990639,110.777684,110.996
1170,0.988013,110.917570,111.502
1171,0.983516,110.782171,111.704
1172,0.985783,110.754111,111.523
1173,0.990156,110.712484,111.03
1174,0.989126,110.894755,110.411
1175,0.984043,110.812533,109.905
1176,0.977855,110.946214,109.704
1177,0.981104,110.965063,109.886
1178,0.988982,110.880531,110.38
1179,0.990888,110.849589,110.998
1180,0.988621,110.979528,111.504
1181,0.985447,110.909028,111.704
1182,0.987836,110.919917,111.522
1183,0.990588,110.795975,111.027
1184,0.989732,110.812593,110.409
1185,0.983446,110.847553,109.904
1186,0.978579,110.911488,109.704
1187,0.98537,110.703317,109.887
1188,0.990171,110.714896,110.382
1189,0.990856,110.840900,111.001
1190,0.987672,110.888940,111.505
1191,0.985289,110.897788,111.704
1192,0.984953,110.692978,111.52
1193,0.990836,110.860625,111.025
1194,0.990073,110.756531,110.406
1195,0.984581,110.772913,109.902
1196,0.980459,110.816630,109.704
1197,0.984048,110.795133,109.889
1198,0.989376,110.836811,110.385
1199,0.990814,110.833151,111.003
1200,0.987364,110.863126,111.507
1201,0.984243,110.828006,111.704
1202,0.987195,110.860452,111.519
1203,0.99104,110.944823,111.022
1204,0.988899,110.914401,110.404
1205,0.984412,110.783273,109.901
1206,0.980932,110.790653,109.704
1207,0.981207,110.963304,109.89
1208,0.98928,110.852164,110.387
1209,0.990824,110.836302,111.005
1210,0.986545,110.796960,111.508
1211,0.985051,110.881616,111.704
1212,0.986691,110.817351,111.517
1213,0.990892,110.875588,111.02
1214,0.990006,110.761486,110.402
1215,0.983767,110.823201,109.899
1216,0.978383,110.920994,109.704
1217,0.981583,110.944928,109.892
1218,0.988903,110.900091,110.39
1219,0.990318,110.720012,111.008
1220,0.98811,110.934455,111.51
1221,0.983259,110.766954,111.704
1222,0.986206,110.778153,111.516
1223,0.990758,110.829957,111.018
1224,0.98866,110.936370,110.399
1225,0.98432,110.785975,109.898
1226,0.981257,110.773554,109.704
1227,0.98169,110.940013,109.893
1228,0.990122,110.733010,110.392
1229,0.990547,110.769814,111.01
1230,0.985778,110.741878,111.511
1231,0.983381,110.774088,111.704
1232,0.986779,110.821686,111.515
1233,0.990737,110.820153,111.015
1234,0.988636,110.936569,110.397
1235,0.984064,110.801290,109.896
1236,0.980117,110.833915,109.704
1237,0.984007,110.802726,109.894
1238,0.989781,110.790761,110.394
1239,0.990904,110.868782,111.013
1240,0.987543,110.884689,111.513
1241,0.986214,110.964776,111.704
1242,0.986356,110.786696,111.513
1243,0.990313,110.724526,111.013
1244,0.990384,110.686638,110.394
1245,0.983404,110.841425,109.895
1246,0.983284,110.656334,109.704
1247,0.985657,110.691199,109.896
1248,0.989756,110.796259,110.397
1249,0.990206,110.707108,111.015
1250,0.987164,110.853199,111.514
1251,0.983031,110.753685,111.704
1252,0.98675,110.816320,111.512
1253,0.990631,110.789403,111.01
1254,0.98893,110.899067,110.392
1255,0.985215,110.719941,109.893
1256,0.980985,110.788434,109.704
1257,0.984643,110.764096,109.897
1258,0.990221,110.722440,110.399
1259,0.990162,110.701540,111.017
1260,0.986969,110.838292,111.516
1261,0.982547,110.725151,111.704
1262,0.98566,110.732104,111.51
1263,0.990484,110.753942,111.008
1264,0.989748,110.789696,110.39
1265,0.985567,110.694291,109.892
1266,0.980559,110.811158,109.704
1267,0.983463,110.842063,109.899
1268,0.988946,110.906701,110.402
1269,0.990017,110.680072,111.02
1270,0.985308,110.714165,111.517
1271,0.980593,110.618422,111.704
1272,0.987615,110.886642,111.509
1273,0.990628,110.784240,111.005
1274,0.990397,110.675606,110.387
1275,0.985595,110.690272,109.89
1276,0.977791,110.948884,109.704
1277,0.986044,110.666772,109.9
1278,0.989305,110.865402,110.404
1279,0.99096,110.903155,111.022
1280,0.987733,110.907566,111.519
1281,0.985378,110.904263,111.704
1282,0.984919,110.677247,111.507
1283,0.990502,110.752887,111.003
1284,0.98913,110.866896,110.385
1285,0.983038,110.857192,109.889
1286,0.982457,110.706345,109.704
1287,0.984169,110.799555,109.902
1288,0.988897,110.917028,110.406
1289,0.990799,110.848915,111.025
1290,0.986985,110.844377,111.52
1291,0.984694,110.857290,111.704
1292,0.98583,110.739941,111.506
1293,0.990813,110.827911,111.001
1294,0.99024,110.701174,110.382
1295,0.983656,110.818474,109.887
1296,0.982942,110.677139,109.704
1297,0.984939,110.750699,109.903
1298,0.989456,110.850323,110.409
1299,0.990388,110.752945,111.027
1300,0.985928,110.762913,111.522
1301,0.981566,110.669999,111.704
1302,0.98637,110.779128,111.504
1303,0.990289,110.704725,110.998
1304,0.990279,110.691820,110.38
1305,0.984911,110.734267,109.886
1306,0.983012,110.673062,109.704
1307,0.985198,110.733229,109.905
1308,0.990006,110.770712,110.411
1309,0.990587,110.797546,111.029
1310,0.986122,110.778779,111.523
1311,0.982221,110.706515,111.704
1312,0.985922,110.743689,111.502
1313,0.990174,110.683289,110.996
1314,0.989597,110.800188,110.378
1315,0.984402,110.767789,109.884
1316,0.98124,110.775429,109.704
1317,0.986122,110.667154,109.907
1318,0.988836,110.931490,110.414
1319,0.990719,110.833401,111.032
1320,0.986599,110.817240,111.525
1321,0.985884,110.940258,111.704
1322,0.986854,110.814048,111.501
1323,0.990863,110.838762,110.993
1324,0.989533,110.804982,110.375
1325,0.983323,110.834431,109.883
1326,0.979196,110.881466,109.704
1327,0.983462,110.851161,109.908
1328,0.988796,110.938421,110.416
1329,0.990673,110.823285,111.034
1330,0.988103,110.949315,111.526
1331,0.984352,110.835018,111.704
1332,0.988279,110.940467,111.499
1333,0.991068,111.078747,110.991
1334,0.989138,110.854663,110.373
1335,0.982897,110.858852,109.881
1336,0.978746,110.903376,109.704
1337,0.984344,110.796320,109.91
1338,0.989638,110.834736,110.418
1339,0.990974,110.923420,111.037
1340,0.986689,110.827468,111.528
1341,0.986011,110.949641,111.704
1342,0.987731,110.886625,111.498
1343,0.990991,110.883815,110.989
1344,0.988219,110.954018,110.371
1345,0.982216,110.897059,109.88
1346,0.980369,110.820825,109.704
1347,0.985157,110.743245,109.911
1348,0.989591,110.844506,110.421
1349,0.990868,110.884144,111.039
1350,0.987113,110.863283,111.529
1351,0.985976,110.946636,111.704
1352,0.986277,110.764204,111.496
1353,0.990106,110.661250,110.986
1354,0.989646,110.783030,110.368
1355,0.983922,110.792588,109.879
1356,0.978688,110.905781,109.705
1357,0.98171,110.958757,109.913
1358,0.990277,110.737774,110.423
1359,0.990274,110.745278,111.041
1360,0.986477,110.813557,111.53
1361,0.985027,110.879177,111.704
1362,0.988111,110.919520,111.495
1363,0.990792,110.807539,110.984
1364,0.988086,110.962000,110.366
1365,0.981358,110.942465,109.877
1366,0.978881,110.896979,109.705
1367,0.983286,110.868498,109.914
1368,0.989089,110.913403,110.426
1369,0.99079,110.863459,111.044
1370,0.987553,110.904228,111.532
1371,0.985171,110.889107,111.704
1372,0.985526,110.705705,111.493
1373,0.991077,110.934329,110.981
1374,0.988345,110.933835,110.363
1375,0.982689,110.865327,109.876
1376,0.980648,110.807080,109.705
1377,0.983296,110.869727,109.916
1378,0.989393,110.877637,110.428
1379,0.990859,110.886656,111.046
1380,0.987373,110.889698,111.533
1381,0.985346,110.901330,111.704
1382,0.988216,110.926226,111.492
1383,0.990375,110.703299,110.979
1384,0.988122,110.952695,110.361
1385,0.981476,110.932900,109.874
1386,0.978263,110.927216,109.705
1387,0.98578,110.704076,109.917
1388,0.990282,110.742767,110.431
1389,0.990236,110.745018,111.048
1390,0.987033,110.862058,111.535
1391,0.983099,110.756578,111.703
1392,0.986478,110.773172,111.49
1393,0.990968,110.862599,110.976
1394,0.98956,110.785384,110.359
1395,0.981709,110.918268,109.873
1396,0.982096,110.726831,109.705
1397,0.985767,110.706245,109.919
1398,0.990239,110.753467,110.433
1399,0.990612,110.824744,111.051
1400,0.985021,110.712781,111.536
1401,0.983469,110.779046,111.703
1402,0.985954,110.731952,111.489
1403,0.990893,110.829344,110.974
1404,0.988958,110.858663,110.356
1405,0.983965,110.782295,109.871
1406,0.980228,110.829275,109.705
1407,0.987627,110.556083,109.92
1408,0.989977,110.801544,110.435
1409,0.990212,110.745699,111.053
1410,0.986616,110.830919,111.537
1411,0.983244,110.764841,111.703
1412,0.987472,110.852617,111.487
1413,0.99088,110.824468,110.972
1414,0.988943,110.857778,110.354
1415,0.983739,110.795562,109.87
1416,0.978188,110.931003,109.705
1417,0.985544,110.725467,109.922
1418,0.990336,110.739862,110.438
1419,0.990079,110.726095,111.056
1420,0.985721,110.764961,111.539
1421,0.982019,110.694083,111.703
1422,0.984913,110.655389,111.485
1423,0.990882,110.822186,110.969
1424,0.989754,110.749799,110.352
1425,0.984477,110.746632,109.869
1426,0.982719,110.691065,109.705
1427,0.984944,110.769643,109.924
1428,0.989324,110.898756,110.44
1429,0.990104,110.732054,111.058
1430,0.984762,110.699782,111.54
1431,0.982752,110.735914,111.703
1432,0.986529,110.770975,111.484
1433,0.990155,110.650772,110.967
1434,0.990369,110.642346,110.349
1435,0.985969,110.638614,109.867
1436,0.982262,110.717758,109.705
1437,0.987055,110.611086,109.925
1438,0.990863,110.608403,110.443
1439,0.990215,110.753369,111.06
1440,0.983425,110.616312,111.542
1441,0.981876,110.685952,111.703
1442,0.984789,110.644317,111.482
1443,0.989864,110.601190,110.964
1444,0.990043,110.699579,110.347
1445,0.988189,110.446960,109.866
1446,0.985334,110.522404,109.705
1447,0.988498,110.476499,109.927
1448,0.991005,110.541369,110.445
1449,0.987508,110.435573,111.063
1450,0.985751,110.771268,111.543
1451,0.981638,110.672718,111.703
1452,0.983527,110.561979,111.481
1453,0.990736,110.768955,110.962
1454,0.990336,110.644982,110.344
1455,0.985085,110.700787,109.865
1456,0.985383,110.520018,109.706
1457,0.988284,110.499505,109.928
1458,0.990898,110.599850,110.448
1459,0.989506,110.650723,111.065
1460,0.983041,110.595845,111.544
1461,0.981361,110.657510,111.703
1462,0.982306,110.488413,111.479
1463,0.990769,110.776790,110.959
1464,0.990571,110.590232,110.342
1465,0.98593,110.637598,109.863
1466,0.984612,110.573167,109.706
1467,0.986691,110.646252,109.93
1468,0.990926,110.588559,110.45
1469,0.989762,110.687992,111.067
1470,0.983315,110.613266,111.546
1471,0.981094,110.643041,111.702
1472,0.985395,110.680577,111.477
1473,0.990267,110.661048,110.957
1474,0.990687,110.560292,110.34
1475,0.984843,110.715274,109.862
1476,0.981358,110.769861,109.706
1477,0.98524,110.756658,109.932
1478,0.99106,110.491252,110.453
1479,0.989321,110.631001,111.07
1480,0.98224,110.552056,111.547
1481,0.980457,110.609479,111.702
1482,0.983908,110.580836,111.476
1483,0.989514,110.541488,110.954
1484,0.990833,110.510298,110.337
1485,0.986805,110.567155,109.86
1486,0.982984,110.676750,109.706
1487,0.988572,110.474996,109.933
1488,0.990959,110.580021,110.455
1489,0.988904,110.583670,111.072
1490,0.98473,110.705767,111.549
1491,0.979894,110.580827,111.702
1492,0.98346,110.551710,111.474
1493,0.989967,110.605878,110.952
1494,0.989825,110.724023,110.335
1495,0.986596,110.582249,109.859
1496,0.984082,110.607990,109.706
1497,0.986283,110.683189,109.935
1498,0.990936,110.593328,110.457
1499,0.989627,110.676149,111.074
1500,0.984075,110.664586,111.55
1501,0.983559,110.782891,111.702
1502,0.984146,110.592451,111.473
1503,0.990146,110.631569,110.95
1504,0.990269,110.645125,110.333
1505,0.987014,110.546309,109.858
1506,0.98466,110.569590,109.706
1507,0.987584,110.575069,109.936
1508,0.991054,110.515189,110.46
1509,0.989189,110.621607,111.077
1510,0.984476,110.691650,111.551
1511,0.980668,110.619690,111.702
1512,0.98511,110.654493,111.471
1513,0.990985,110.843734,110.947
1514,0.990457,110.603966,110.33
1515,0.986294,110.603615,109.856
1516,0.983226,110.662620,109.707
1517,0.986406,110.676734,109.938
1518,0.990431,110.745557,110.462
1519,0.989661,110.685444,111.079
1520,0.984451,110.691305,111.553
1521,0.981812,110.681172,111.702
1522,0.984397,110.605379,111.469
1523,0.990642,110.728459,110.945
1524,0.990634,110.560754,110.328
1525,0.98333,110.805513,109.855
1526,0.982169,110.724679,109.707
1527,0.986441,110.675612,109.94
1528,0.99086,110.630653,110.465
1529,0.989875,110.719103,111.081
1530,0.986506,110.839088,111.554
1531,0.984681,110.854151,111.701
1532,0.98604,110.717780,111.468
1533,0.990551,110.705425,110.942
1534,0.98943,110.769022,110.326
1535,0.982917,110.829447,109.854
1536,0.980492,110.817238,109.707
1537,0.985677,110.735798,109.941
1538,0.989753,110.867891,110.467
1539,0.990648,110.866319,111.084
1540,0.9857,110.779876,111.555
1541,0.9828,110.737094,111.701
1542,0.986934,110.786076,111.466
1543,0.990752,110.752586,110.94
1544,0.9889,110.832355,110.323
1545,0.983251,110.807425,109.852
1546,0.982853,110.685305,109.707
1547,0.984871,110.793932,109.943
1548,0.990406,110.759251,110.47
1549,0.989917,110.728926,111.086
1550,0.984113,110.673273,111.557
1551,0.982512,110.720162,111.701
1552,0.988136,110.891812,111.465
1553,0.990602,110.711233,110.937
1554,0.990291,110.630346,110.321
1555,0.984231,110.744956,109.851
1556,0.982198,110.723468,109.707
1557,0.985846,110.727511,109.945
1558,0.990808,110.657913,110.472
1559,0.98978,110.711380,111.088
1560,0.984272,110.684749,111.558
1561,0.983739,110.793051,111.701
1562,0.983883,110.566247,111.463
1563,0.990577,110.703247,110.935
1564,0.989103,110.803641,110.319
1565,0.984812,110.704465,109.85
1566,0.981671,110.754210,109.708
1567,0.986249,110.697627,109.946
1568,0.990154,110.812026,110.475
1569,0.990449,110.828262,111.091
1570,0.986602,110.851811,111.559
1571,0.98388,110.801485,111.701
1572,0.986454,110.742872,111.461
1573,0.990582,110.701528,110.932
1574,0.989745,110.715947,110.316
1575,0.986763,110.558186,109.848
1576,0.984843,110.560247,109.708
1577,0.987116,110.628901,109.948
1578,0.99068,110.701717,110.477
1579,0.98835,110.545565,111.093
1580,0.984835,110.724668,111.56
1581,0.984228,110.823313,111.7
1582,0.984335,110.591422,111.46
1583,0.99082,110.762620,110.93
1584,0.989692,110.722525,110.314
1585,0.984865,110.697724,109.847
1586,0.98336,110.655759,109.708
1587,0.985521,110.755806,109.95
1588,0.990898,110.633953,110.48
1589,0.98942,110.669071,111.095
1590,0.985791,110.792523,111.562
1591,0.983149,110.756386,111.7
1592,0.984485,110.599825,111.458
1593,0.99058,110.695415,110.927
1594,0.988973,110.812705,110.312
1595,0.985821,110.629029,109.846
1596,0.984514,110.582338,109.708
1597,0.987725,110.577578,109.951
1598,0.990971,110.602638,110.482
1599,0.988979,110.617518,111.098
1600,0.981556,110.530193,111.563
1601,0.979771,110.572293,111.7
1602,0.985261,110.650370,111.456
1603,0.98988,110.564851,110.925
1604,0.989564,110.734613,110.309
1605,0.986344,110.587875,109.845
1606,0.985318,110.527611,109.708
1607,0.989122,110.431615,109.953
1608,0.991039,110.558567,110.485
1609,0.988377,110.555366,111.1
1610,0.981564,110.531616,111.564
1611,0.980735,110.621515,111.7
1612,0.983699,110.546535,111.455
1613,0.990068,110.592607,110.922
1614,0.990429,110.587658,110.307
1615,0.98706,110.528916,109.843
1616,0.984285,110.598114,109.709
1617,0.988473,110.506858,109.955
1618,0.990924,110.629749,110.487
1619,0.988322,110.551549,111.102
1620,0.982026,110.558037,111.566
1621,0.980425,110.605117,111.7
1622,0.9861,110.707643,111.453
1623,0.989212,110.469636,110.92
1624,0.990085,110.650872,110.305
1625,0.985949,110.615401,109.842
1626,0.984956,110.552744,109.709
1627,0.986274,110.706151,109.956
1628,0.990971,110.611629,110.489
1629,0.988991,110.626097,111.105
1630,0.985131,110.751193,111.567
1631,0.982622,110.724687,111.699
1632,0.987627,110.831000,111.451
1633,0.99101,110.823484,110.918
1634,0.99005,110.654286,110.302
1635,0.986951,110.534719,109.841
1636,0.981246,110.779194,109.709
1637,0.987606,110.595557,109.958
1638,0.990008,110.853397,110.492
1639,0.989566,110.699707,111.107
1640,0.984439,110.706351,111.568
1641,0.985276,110.892042,111.699
1642,0.985941,110.692709,111.45
1643,0.990494,110.664567,110.915
1644,0.988393,110.864512,110.3
1645,0.982427,110.843831,109.839
1646,0.980536,110.817834,109.709
1647,0.984187,110.856828,109.96
1648,0.990684,110.717591,110.494
1649,0.990145,110.789536,111.109
1650,0.985501,110.779370,111.569
1651,0.983975,110.805570,111.699
1652,0.98727,110.796745,111.448
1653,0.990871,110.762969,110.913
1654,0.989651,110.711202,110.298
1655,0.98477,110.695593,109.838
1656,0.98104,110.790989,109.71
1657,0.984885,110.812474,109.961
1658,0.990894,110.652062,110.497
1659,0.989437,110.687362,111.112
1660,0.985894,110.808493,111.571
1661,0.984978,110.871005,111.699
1662,0.985883,110.684736,111.446
1663,0.991008,110.815620,110.91
1664,0.989371,110.747141,110.295
1665,0.982426,110.841683,109.837
1666,0.981773,110.750391,109.71
1667,0.987371,110.621829,109.963
1668,0.990982,110.616265,110.499
1669,0.988697,110.602119,111.114
1670,0.984885,110.739091,111.572
1671,0.983505,110.776114,111.698
1672,0.985561,110.659948,111.444
1673,0.990296,110.617107,110.908
1674,0.989593,110.715333,110.293
1675,0.985233,110.660654,109.836
1676,0.978993,110.896882,109.71
1677,0.984824,110.819781,109.965
1678,0.990646,110.734695,110.502
1679,0.988899,110.627164,111.116
1680,0.985469,110.780832,111.573
1681,0.984359,110.829402,111.698
1682,0.985447,110.650291,111.443
1683,0.99089,110.761673,110.905
1684,0.989112,110.773905,110.291
1685,0.984883,110.684105,109.834
1686,0.979083,110.892777,109.71
1687,0.985485,110.775606,109.966
1688,0.990652,110.736134,110.504
1689,0.990686,110.909200,111.119
1690,0.987505,110.942325,111.575
1691,0.983271,110.761087,111.698
1692,0.988385,110.892951,111.441
1693,0.990847,110.743629,110.903
1694,0.989933,110.658900,110.288
1695,0.985257,110.656962,109.833
1696,0.98243,110.714282,109.711
1697,0.984152,110.867514,109.968
1698,0.990881,110.667790,110.507
1699,0.989343,110.684075,111.121
1700,0.982804,110.612791,111.576
1701,0.983236,110.758550,111.697
1702,0.987058,110.770011,111.439
1703,0.99072,110.704452,110.9
1704,0.989213,110.757629,110.286
1705,0.983171,110.792583,109.832
1706,0.982412,110.715253,109.711
1707,0.985595,110.770990,109.97
1708,0.99035,110.809233,110.509
1709,0.990149,110.804082,111.123
1710,0.986677,110.875210,111.577
1711,0.983304,110.762565,111.697
1712,0.985777,110.668780,111.438
1713,0.990266,110.602950,110.898
1714,0.988141,110.874325,110.284
1715,0.983337,110.781028,109.831
1716,0.981514,110.766668,109.711
1717,0.986737,110.683818,109.972
1718,0.991074,110.537357,110.512
1719,0.989327,110.687060,111.126
1720,0.98515,110.763450,111.578
1721,0.982546,110.717849,111.697
1722,0.987389,110.794597,111.436
1723,0.990516,110.650247,110.895
1724,0.989192,110.755237,110.282
1725,0.984838,110.682807,109.829
1726,0.98048,110.822774,109.712
1727,0.98606,110.739172,109.973
1728,0.990833,110.693908,110.514
1729,0.989071,110.658129,111.128
1730,0.985866,110.815803,111.579
1731,0.98465,110.847091,111.696
1732,0.986325,110.706389,111.434
1733,0.990818,110.725591,110.893
1734,0.989479,110.716443,110.279
1735,0.98375,110.752316,109.828
1736,0.982224,110.727383,109.712
1737,0.985191,110.804764,109.975
1738,0.990695,110.736844,110.517
1739,0.989248,110.681432,111.13
1740,0.986095,110.834099,111.581
1741,0.983641,110.782120,111.696
1742,0.986997,110.757690,111.432
1743,0.991057,110.834003,110.89
1744,0.989513,110.708944,110.277
1745,0.983791,110.749075,109.827
1746,0.980288,110.833270,109.712
1747,0.985655,110.773416,109.977
1748,0.990749,110.726332,110.519
1749,0.989573,110.725589,111.132
1750,0.986772,110.887616,111.582
1751,0.985168,110.881205,111.696
1752,0.988483,110.893015,111.431
1753,0.991083,110.851996,110.888
1754,0.9896,110.694684,110.275
1755,0.982613,110.818948,109.826
1756,0.982856,110.690490,109.713
1757,0.985045,110.818296,109.978
1758,0.990095,110.868520,110.522
1759,0.990668,110.920101,111.135
1760,0.985264,110.776254,111.583
1761,0.986046,110.944030,111.696
1762,0.98787,110.831018,111.429
1763,0.991087,110.936249,110.885
1764,0.988428,110.832935,110.272
1765,0.984535,110.697825,109.825
1766,0.980291,110.834148,109.713
1767,0.984406,110.863388,109.98
1768,0.989389,110.975474,110.524
1769,0.990505,110.885605,111.137
1770,0.98429,110.712183,111.584
1771,0.984569,110.840177,111.695
1772,0.98723,110.772528,111.427
1773,0.991098,110.880056,110.883
1774,0.98597,111.046075,110.27
1775,0.980213,110.948965,109.823
1776,0.980437,110.826916,109.713
1777,0.984216,110.877760,109.982
1778,0.989758,110.926694,110.527
1779,0.990879,110.986081,111.139
1780,0.987672,110.967423,111.585
1781,0.985356,110.892932,111.695
1782,0.988814,110.922730,111.425
1783,0.991099,110.917125,110.88
1784,0.986333,111.015478,110.268
1785,0.98326,110.777165,109.822
1786,0.977702,110.962366,109.714
1787,0.985005,110.827269,109.984
1788,0.989596,110.953269,110.529
1789,0.991007,111.037811,111.142
1790,0.987996,110.999166,111.587
1791,0.986837,111.004511,111.694
1792,0.989123,110.956657,111.424
1793,0.990922,111.033758,110.878
1794,0.986001,111.038802,110.266
1795,0.978111,111.051394,109.821
1796,0.975095,111.080276,109.714
1797,0.985555,110.789812,109.985
1798,0.989243,111.001597,110.532
1799,0.990881,110.993111,111.144
1800,0.9872,110.928807,111.588
1801,0.985743,110.920307,111.694
1802,0.989778,111.040537,111.422
1803,0.991085,110.927922,110.875
1804,0.98946,110.702043,110.263
1805,0.979307,110.992259,109.82
1806,0.980378,110.830023,109.714
1807,0.984421,110.869617,109.987
1808,0.989098,111.021049,110.534
1809,0.990637,110.924410,111.146
1810,0.986555,110.877548,111.589
1811,0.985375,110.893589,111.694
1812,0.988261,110.860190,111.42
1813,0.991096,110.897414,110.873
1814,0.986667,110.981600,110.261
1815,0.98338,110.765799,109.819
1816,0.982184,110.732117,109.715
1817,0.98591,110.765915,109.989
1818,0.990506,110.802855,110.537
1819,0.989783,110.770802,111.148
1820,0.985114,110.773142,111.59
1821,0.983667,110.781250,111.693
1822,0.986964,110.741246,111.418
1823,0.991081,110.835299,110.87
1824,0.987807,110.880418,110.259
1825,0.982656,110.808734,109.817
1826,0.982338,110.722834,109.715
1827,0.988291,110.561470,109.991
1828,0.990989,110.648978,110.539
1829,0.988887,110.659148,111.151
1830,0.983016,110.640389,111.591
1831,0.980703,110.613169,111.693
1832,0.987353,110.772285,111.417
1833,0.990789,110.693597,110.868
1834,0.989763,110.652983,110.257
1835,0.98455,110.688022,109.816
1836,0.983354,110.663571,109.715
1837,0.98723,110.664315,109.993
1838,0.991011,110.641588,110.542
1839,0.988453,110.614852,111.153
1840,0.980802,110.518636,111.593
1841,0.980134,110.583444,111.693
1842,0.986163,110.674857,111.415
1843,0.990831,110.703940,110.865
1844,0.988464,110.810830,110.254
1845,0.984206,110.709371,109.815
1846,0.982748,110.701165,109.716
1847,0.987095,110.676745,109.994
1848,0.990827,110.726886,110.544
1849,0.989539,110.743709,111.155
1850,0.985353,110.793288,111.594
1851,0.985251,110.883662,111.692
1852,0.987632,110.793898,111.413
1853,0.99089,110.721191,110.863
1854,0.98801,110.854367,110.252
1855,0.981316,110.881021,109.814
1856,0.981757,110.758026,109.716
1857,0.984938,110.843260,109.996
1858,0.990975,110.669016,110.547
1859,0.990172,110.841040,111.157
1860,0.986621,110.888314,111.595
1861,0.98536,110.890533,111.692
1862,0.98747,110.777199,111.411
1863,0.99099,110.761584,110.86
1864,0.988455,110.806328,110.25
1865,0.980468,110.925226,109.813
1866,0.976687,111.011976,109.717
1867,0.985105,110.833637,109.998
1868,0.990552,110.806961,110.549
1869,0.990219,110.852143,111.16
1870,0.985658,110.816980,111.596
1871,0.983773,110.785483,111.691
1872,0.987502,110.778172,111.41
1873,0.99099,110.759826,110.858
1874,0.98883,110.763558,110.248
1875,0.982007,110.839700,109.812
1876,0.981683,110.762914,109.717
1877,0.987059,110.685500,110.0
1878,0.990309,110.860880,110.552
1879,0.989739,110.778189,111.162
1880,0.98552,110.808061,111.597
1881,0.984791,110.850927,111.691
1882,0.988744,110.897506,111.408
1883,0.991076,110.817613,110.855
1884,0.988662,110.779922,110.245
1885,0.983075,110.776567,109.811
1886,0.98361,110.649434,109.717
1887,0.985315,110.822379,110.001
1888,0.990833,110.735396,110.554
1889,0.989781,110.786693,111.164
1890,0.985326,110.795813,111.598
1891,0.983624,110.775727,111.691
1892,0.987357,110.762059,111.406
1893,0.990939,110.731327,110.853
1894,0.989627,110.659813,110.243
1895,0.984402,110.690917,109.809
1896,0.980304,110.838053,109.718
1897,0.987214,110.676367,110.003
1898,0.990687,110.780549,110.557
1899,0.98827,110.609855,111.166
1900,0.985263,110.792731,111.599
1901,0.980078,110.577986,111.69
1902,0.987343,110.759062,111.404
1903,0.99061,110.627065,110.85
1904,0.989637,110.654050,110.241
1905,0.984741,110.667559,109.808
1906,0.983414,110.662250,109.718
1907,0.987534,110.648996,110.005
1908,0.991055,110.619576,110.559
1909,0.986858,110.485296,111.169
1910,0.982631,110.626969,111.601
1911,0.978317,110.490987,111.69
1912,0.986839,110.714779,111.402
1913,0.990939,110.728132,110.848
1914,0.989436,110.679914,110.239
1915,0.985996,110.576809,109.807
1916,0.983809,110.638687,109.719
1917,0.987694,110.636800,110.007
1918,0.991026,110.653176,110.562
1919,0.988797,110.669002,111.171
1920,0.981163,110.546819,111.602
1921,0.979108,110.528980,111.689
1922,0.985503,110.612055,111.4
1923,0.990492,110.596601,110.845
1924,0.990554,110.487805,110.236
1925,0.985274,110.627843,109.806
1926,0.985153,110.549031,109.719
1927,0.988238,110.586348,110.009
1928,0.991032,110.509521,110.564
1929,0.9883,110.619652,111.173
1930,0.980699,110.523494,111.603
1931,0.97911,110.528624,111.689
1932,0.986517,110.685748,111.399
1933,0.991071,110.803831,110.843
1934,0.989892,110.611232,110.234
1935,0.985817,110.587674,109.805
1936,0.981965,110.748896,109.72
1937,0.987164,110.687869,110.01
1938,0.990932,110.708350,110.567
1939,0.987834,110.576763,111.175
1940,0.982254,110.609162,111.604
1941,0.981483,110.650154,111.689
1942,0.988124,110.823614,111.397
1943,0.990975,110.732439,110.84
1944,0.989775,110.625499,110.232
1945,0.985027,110.642547,109.804
1946,0.983666,110.649214,109.72
1947,0.986565,110.739684,110.012
1948,0.990759,110.773762,110.569
1949,0.988151,110.608798,111.178
1950,0.98035,110.507349,111.605
1951,0.981084,110.628192,111.688
1952,0.986962,110.717863,111.395
1953,0.991076,110.798891,110.838
1954,0.989408,110.674876,110.23
1955,0.982364,110.811170,109.803
1956,0.98422,110.613551,109.72
1957,0.98831,110.584020,110.014
1958,0.991045,110.523282,110.572
1959,0.989732,110.794280,111.18
1960,0.982797,110.642147,111.606
1961,0.975497,110.362458,111.688
1962,0.986739,110.697995,111.393
1963,0.989955,110.488527,110.835
1964,0.990176,110.556357,110.227
1965,0.985443,110.611719,109.802
1966,0.983894,110.635283,109.721
1967,0.988076,110.608146,110.016
1968,0.991049,110.528750,110.574
1969,0.988095,110.608148,111.182
1970,0.982362,110.618240,111.607
1971,0.980001,110.571158,111.687
1972,0.986379,110.667607,111.391
1973,0.990821,110.667884,110.833
1974,0.9908,110.406861,110.225
1975,0.985106,110.634066,109.801
1976,0.982639,110.712193,109.721
1977,0.988088,110.609317,110.018
1978,0.991026,110.664000,110.577
1979,0.987627,110.566549,111.184
1980,0.982108,110.604914,111.608
1981,0.982021,110.677922,111.687
1982,0.987596,110.766810,111.39
1983,0.990745,110.643490,110.83
1984,0.989483,110.658258,110.223
1985,0.982637,110.790988,109.799
1986,0.984125,110.620962,109.722
1987,0.987358,110.680223,110.02
1988,0.991075,110.620901,110.579
1989,0.987629,110.568997,111.186
1990,0.983475,110.685861,111.609
1991,0.981635,110.655989,111.686
1992,0.987669,110.771665,111.388
1993,0.991074,110.788726,110.828
1994,0.989474,110.656526,110.221
1995,0.983208,110.755570,109.798
1996,0.983208,110.678724,109.722
1997,0.987869,110.634610,110.022
1998,0.990925,110.726273,110.582
1999,0.989084,110.719748,111.189
2000,0.985792,110.840871,111.61
