Generation,Position,Frequency,Effect,Origin
1,610140,0.872450,2.152129,1
2,610140,0.874150,2.152129,1
3,610140,0.871400,2.152129,1
4,610140,0.875750,2.152129,1
5,610140,0.876200,2.152129,1
6,610140,0.874050,2.152129,1
7,610140,0.878600,2.152129,1
8,610140,0.878200,2.152129,1
9,610140,0.876250,2.152129,1
10,610140,0.874500,2.152129,1
11,610140,0.869600,2.152129,1
12,610140,0.871550,2.152129,1
13,610140,0.869450,2.152129,1
14,610140,0.871050,2.152129,1
15,610140,0.868000,2.152129,1
16,610140,0.860800,2.152129,1
17,610140,0.858750,2.152129,1
18,610140,0.856050,2.152129,1
19,610140,0.853750,2.152129,1
20,610140,0.848850,2.152129,1
21,610140,0.850100,2.152129,1
22,610140,0.850250,2.152129,1
23,610140,0.850400,2.152129,1
24,610140,0.848000,2.152129,1
25,610140,0.846400,2.152129,1
26,610140,0.848500,2.152129,1
27,610140,0.847000,2.152129,1
28,610140,0.847000,2.152129,1
29,610140,0.849000,2.152129,1
30,610140,0.848500,2.152129,1
31,610140,0.848500,2.152129,1
32,610140,0.850000,2.152129,1
33,610140,0.852000,2.152129,1
34,610140,0.852500,2.152129,1
35,610140,0.860500,2.152129,1
36,610140,0.868000,2.152129,1
37,610140,0.863000,2.152129,1
38,610140,0.857500,2.152129,1
39,610140,0.848500,2.152129,1
40,610140,0.851500,2.152129,1
41,610140,0.859500,2.152129,1
42,610140,0.857500,2.152129,1
43,610140,0.863500,2.152129,1
44,610140,0.862000,2.152129,1
45,610140,0.860500,2.152129,1
46,610140,0.851000,2.152129,1
47,610140,0.853000,2.152129,1
48,610140,0.856000,2.152129,1
49,610140,0.856500,2.152129,1
50,610140,0.860000,2.152129,1
51,610140,0.858000,2.152129,1
52,610140,0.858200,2.152129,1
53,610140,0.853400,2.152129,1
54,610140,0.847200,2.152129,1
55,610140,0.849100,2.152129,1
56,610140,0.850600,2.152129,1
57,610140,0.852200,2.152129,1
58,610140,0.851000,2.152129,1
59,610140,0.845200,2.152129,1
60,610140,0.851500,2.152129,1
61,610140,0.849000,2.152129,1
62,610140,0.837800,2.152129,1
63,610140,0.834200,2.152129,1
64,610140,0.826900,2.152129,1
65,610140,0.826400,2.152129,1
66,610140,0.817200,2.152129,1
67,610140,0.815000,2.152129,1
68,610140,0.811700,2.152129,1
69,610140,0.806600,2.152129,1
70,610140,0.808000,2.152129,1
71,610140,0.809400,2.152129,1
72,610140,0.814200,2.152129,1
73,610140,0.818100,2.152129,1
74,610140,0.822500,2.152129,1
75,610140,0.816900,2.152129,1
76,610140,0.817700,2.152129,1
77,610140,0.822250,2.152129,1
78,610140,0.818350,2.152129,1
79,610140,0.819100,2.152129,1
80,610140,0.815950,2.152129,1
81,610140,0.815150,2.152129,1
82,610140,0.811750,2.152129,1
83,610140,0.813750,2.152129,1
84,610140,0.812500,2.152129,1
85,610140,0.811150,2.152129,1
86,610140,0.811600,2.152129,1
87,610140,0.818850,2.152129,1
88,610140,0.819050,2.152129,1
89,610140,0.823950,2.152129,1
90,610140,0.826750,2.152129,1
91,610140,0.824300,2.152129,1
92,610140,0.828300,2.152129,1
93,610140,0.826400,2.152129,1
94,610140,0.831100,2.152129,1
95,610140,0.831950,2.152129,1
96,610140,0.836150,2.152129,1
97,610140,0.835150,2.152129,1
98,610140,0.834800,2.152129,1
99,610140,0.838450,2.152129,1
100,610140,0.839550,2.152129,1
101,610140,0.844500,2.152129,1
102,610140,0.830000,2.152129,1
103,610140,0.817000,2.152129,1
104,610140,0.821000,2.152129,1
105,610140,0.805500,2.152129,1
106,610140,0.789500,2.152129,1
107,610140,0.778500,2.152129,1
108,610140,0.775000,2.152129,1
109,610140,0.779500,2.152129,1
110,610140,0.775000,2.152129,1
111,610140,0.767000,2.152129,1
112,610140,0.781500,2.152129,1
113,610140,0.794500,2.152129,1
114,610140,0.800000,2.152129,1
115,610140,0.812500,2.152129,1
116,610140,0.817000,2.152129,1
117,610140,0.823000,2.152129,1
118,610140,0.829000,2.152129,1
119,610140,0.830000,2.152129,1
120,610140,0.832000,2.152129,1
121,610140,0.838000,2.152129,1
122,610140,0.840000,2.152129,1
123,610140,0.835500,2.152129,1
124,610140,0.826000,2.152129,1
125,610140,0.820000,2.152129,1
126,610140,0.826500,2.152129,1
127,610140,0.831800,2.152129,1
128,610140,0.830600,2.152129,1
129,610140,0.828700,2.152129,1
130,610140,0.830500,2.152129,1
131,610140,0.829400,2.152129,1
132,610140,0.819300,2.152129,1
133,610140,0.823400,2.152129,1
134,610140,0.824300,2.152129,1
135,610140,0.826600,2.152129,1
136,610140,0.829800,2.152129,1
137,610140,0.830600,2.152129,1
138,610140,0.830200,2.152129,1
139,610140,0.836100,2.152129,1
140,610140,0.834900,2.152129,1
141,610140,0.840100,2.152129,1
142,610140,0.840900,2.152129,1
143,610140,0.839200,2.152129,1
144,610140,0.839900,2.152129,1
145,610140,0.839100,2.152129,1
146,610140,0.842100,2.152129,1
147,610140,0.848200,2.152129,1
148,610140,0.843500,2.152129,1
149,610140,0.844000,2.152129,1
150,610140,0.846300,2.152129,1
151,610140,0.847750,2.152129,1
152,610140,0.846300,2.152129,1
153,610140,0.847300,2.152129,1
154,610140,0.843700,2.152129,1
155,610140,0.847100,2.152129,1
156,610140,0.845100,2.152129,1
157,610140,0.845800,2.152129,1
158,610140,0.845400,2.152129,1
159,610140,0.840550,2.152129,1
160,610140,0.837000,2.152129,1
161,610140,0.835750,2.152129,1
162,610140,0.828150,2.152129,1
163,610140,0.828000,2.152129,1
164,610140,0.826450,2.152129,1
165,610140,0.825250,2.152129,1
166,610140,0.823050,2.152129,1
167,610140,0.821950,2.152129,1
168,610140,0.818250,2.152129,1
169,610140,0.815300,2.152129,1
170,610140,0.814100,2.152129,1
171,610140,0.812000,2.152129,1
172,610140,0.816250,2.152129,1
173,610140,0.810450,2.152129,1
174,610140,0.805950,2.152129,1
175,610140,0.807800,2.152129,1
176,610140,0.828500,2.152129,1
177,610140,0.831500,2.152129,1
178,610140,0.843000,2.152129,1
179,610140,0.860000,2.152129,1
180,610140,0.860500,2.152129,1
181,610140,0.872000,2.152129,1
182,610140,0.878000,2.152129,1
183,610140,0.885000,2.152129,1
184,610140,0.884500,2.152129,1
185,610140,0.887000,2.152129,1
186,610140,0.892500,2.152129,1
187,610140,0.896500,2.152129,1
188,610140,0.903500,2.152129,1
189,610140,0.901500,2.152129,1
190,610140,0.912500,2.152129,1
191,610140,0.916500,2.152129,1
192,610140,0.912500,2.152129,1
193,610140,0.914500,2.152129,1
194,610140,0.919000,2.152129,1
195,610140,0.922000,2.152129,1
196,610140,0.924500,2.152129,1
197,610140,0.928500,2.152129,1
198,610140,0.936000,2.152129,1
199,610140,0.933000,2.152129,1
200,610140,0.935000,2.152129,1
201,610140,0.929500,2.152129,1
202,610140,0.925800,2.152129,1
203,610140,0.922100,2.152129,1
204,610140,0.923000,2.152129,1
205,610140,0.923300,2.152129,1
206,610140,0.918000,2.152129,1
207,610140,0.916700,2.152129,1
208,610140,0.912900,2.152129,1
209,610140,0.912300,2.152129,1
210,610140,0.913400,2.152129,1
211,610140,0.908700,2.152129,1
212,610140,0.914000,2.152129,1
213,610140,0.914400,2.152129,1
214,610140,0.911600,2.152129,1
215,610140,0.906700,2.152129,1
216,610140,0.905400,2.152129,1
217,610140,0.900200,2.152129,1
218,610140,0.900300,2.152129,1
219,610140,0.899900,2.152129,1
220,610140,0.902800,2.152129,1
221,610140,0.899300,2.152129,1
222,610140,0.897200,2.152129,1
223,610140,0.888200,2.152129,1
224,610140,0.883300,2.152129,1
225,610140,0.879200,2.152129,1
226,610140,0.879900,2.152129,1
227,610140,0.879850,2.152129,1
228,610140,0.883000,2.152129,1
229,610140,0.886700,2.152129,1
230,610140,0.887350,2.152129,1
231,610140,0.887700,2.152129,1
232,610140,0.890500,2.152129,1
233,610140,0.893000,2.152129,1
234,610140,0.894750,2.152129,1
235,610140,0.894700,2.152129,1
236,610140,0.892550,2.152129,1
237,610140,0.894250,2.152129,1
238,610140,0.891800,2.152129,1
239,610140,0.890350,2.152129,1
240,610140,0.895150,2.152129,1
241,610140,0.899450,2.152129,1
242,610140,0.902250,2.152129,1
243,610140,0.903400,2.152129,1
244,610140,0.899650,2.152129,1
245,610140,0.899100,2.152129,1
246,610140,0.901750,2.152129,1
247,610140,0.905800,2.152129,1
248,610140,0.905700,2.152129,1
249,610140,0.907900,2.152129,1
250,610140,0.906300,2.152129,1
251,610140,0.906500,2.152129,1
252,610140,0.900500,2.152129,1
253,610140,0.901500,2.152129,1
254,610140,0.907000,2.152129,1
255,610140,0.899000,2.152129,1
256,610140,0.905000,2.152129,1
257,610140,0.905500,2.152129,1
258,610140,0.908000,2.152129,1
259,610140,0.910500,2.152129,1
260,610140,0.906500,2.152129,1
261,610140,0.909500,2.152129,1
262,610140,0.904500,2.152129,1
263,610140,0.899500,2.152129,1
264,610140,0.902500,2.152129,1
265,610140,0.895500,2.152129,1
266,610140,0.892500,2.152129,1
267,610140,0.886500,2.152129,1
268,610140,0.880000,2.152129,1
269,610140,0.884500,2.152129,1
270,610140,0.865500,2.152129,1
271,610140,0.870500,2.152129,1
272,610140,0.867000,2.152129,1
273,610140,0.862500,2.152129,1
274,610140,0.870500,2.152129,1
275,610140,0.871500,2.152129,1
276,610140,0.868100,2.152129,1
277,610140,0.868900,2.152129,1
278,610140,0.872000,2.152129,1
279,610140,0.871800,2.152129,1
280,610140,0.874400,2.152129,1
281,610140,0.874600,2.152129,1
282,610140,0.869700,2.152129,1
283,610140,0.874700,2.152129,1
284,610140,0.873400,2.152129,1
285,610140,0.869100,2.152129,1
286,610140,0.870500,2.152129,1
287,610140,0.878200,2.152129,1
288,610140,0.874400,2.152129,1
289,610140,0.878800,2.152129,1
290,610140,0.880000,2.152129,1
291,610140,0.876900,2.152129,1
292,610140,0.873500,2.152129,1
293,610140,0.876300,2.152129,1
294,610140,0.887100,2.152129,1
295,610140,0.888200,2.152129,1
296,610140,0.888800,2.152129,1
297,610140,0.899300,2.152129,1
298,610140,0.897000,2.152129,1
299,610140,0.898400,2.152129,1
300,610140,0.898600,2.152129,1
301,610140,0.900350,2.152129,1
302,610140,0.898750,2.152129,1
303,610140,0.895650,2.152129,1
304,610140,0.896000,2.152129,1
305,610140,0.897950,2.152129,1
306,610140,0.894600,2.152129,1
307,610140,0.893950,2.152129,1
308,610140,0.891750,2.152129,1
309,610140,0.890000,2.152129,1
310,610140,0.885400,2.152129,1
311,610140,0.884900,2.152129,1
312,610140,0.884450,2.152129,1
313,610140,0.884300,2.152129,1
314,610140,0.883250,2.152129,1
315,610140,0.881900,2.152129,1
316,610140,0.879600,2.152129,1
317,610140,0.877900,2.152129,1
318,610140,0.872300,2.152129,1
319,610140,0.869400,2.152129,1
320,610140,0.865750,2.152129,1
321,610140,0.863400,2.152129,1
322,610140,0.860250,2.152129,1
323,610140,0.866250,2.152129,1
324,610140,0.864300,2.152129,1
325,610140,0.867400,2.152129,1
326,610140,0.877000,2.152129,1
327,610140,0.864000,2.152129,1
328,610140,0.879500,2.152129,1
329,610140,0.886000,2.152129,1
330,610140,0.878500,2.152129,1
331,610140,0.872500,2.152129,1
332,610140,0.872500,2.152129,1
333,610140,0.851000,2.152129,1
334,610140,0.855500,2.152129,1
335,610140,0.860500,2.152129,1
336,610140,0.863000,2.152129,1
337,610140,0.863500,2.152129,1
338,610140,0.869000,2.152129,1
339,610140,0.887500,2.152129,1
340,610140,0.896500,2.152129,1
341,610140,0.895500,2.152129,1
342,610140,0.900000,2.152129,1
343,610140,0.897500,2.152129,1
344,610140,0.899500,2.152129,1
345,610140,0.905000,2.152129,1
346,610140,0.904500,2.152129,1
347,610140,0.911000,2.152129,1
348,610140,0.910000,2.152129,1
349,610140,0.915500,2.152129,1
350,610140,0.909000,2.152129,1
351,610140,0.910400,2.152129,1
352,610140,0.908800,2.152129,1
353,610140,0.908200,2.152129,1
354,610140,0.907600,2.152129,1
355,610140,0.904200,2.152129,1
356,610140,0.899400,2.152129,1
357,610140,0.895800,2.152129,1
358,610140,0.892600,2.152129,1
359,610140,0.894600,2.152129,1
360,610140,0.888700,2.152129,1
361,610140,0.889400,2.152129,1
362,610140,0.888200,2.152129,1
363,610140,0.883300,2.152129,1
364,610140,0.877400,2.152129,1
365,610140,0.879200,2.152129,1
366,610140,0.884100,2.152129,1
367,610140,0.880900,2.152129,1
368,610140,0.877300,2.152129,1
369,610140,0.874100,2.152129,1
370,610140,0.876100,2.152129,1
371,610140,0.869300,2.152129,1
372,610140,0.864600,2.152129,1
373,610140,0.869700,2.152129,1
374,610140,0.867400,2.152129,1
375,610140,0.865400,2.152129,1
376,610140,0.868150,2.152129,1
377,610140,0.871850,2.152129,1
378,610140,0.870150,2.152129,1
379,610140,0.866700,2.152129,1
380,610140,0.871650,2.152129,1
381,610140,0.873300,2.152129,1
382,610140,0.873000,2.152129,1
383,610140,0.872150,2.152129,1
384,610140,0.874400,2.152129,1
385,610140,0.874850,2.152129,1
386,610140,0.874700,2.152129,1
387,610140,0.876750,2.152129,1
388,610140,0.878650,2.152129,1
389,610140,0.878450,2.152129,1
390,610140,0.880200,2.152129,1
391,610140,0.881250,2.152129,1
392,610140,0.880700,2.152129,1
393,610140,0.884100,2.152129,1
394,610140,0.887850,2.152129,1
395,610140,0.891650,2.152129,1
396,610140,0.892300,2.152129,1
397,610140,0.890400,2.152129,1
398,610140,0.889800,2.152129,1
399,610140,0.886600,2.152129,1
400,610140,0.886400,2.152129,1
401,610140,0.878500,2.152129,1
402,610140,0.872000,2.152129,1
403,610140,0.875500,2.152129,1
404,610140,0.869000,2.152129,1
405,610140,0.868500,2.152129,1
406,610140,0.858000,2.152129,1
407,610140,0.852000,2.152129,1
408,610140,0.862500,2.152129,1
409,610140,0.858500,2.152129,1
410,610140,0.850000,2.152129,1
411,610140,0.860000,2.152129,1
412,610140,0.854500,2.152129,1
413,610140,0.854500,2.152129,1
414,610140,0.849000,2.152129,1
415,610140,0.851000,2.152129,1
416,610140,0.838000,2.152129,1
417,610140,0.832000,2.152129,1
418,610140,0.831500,2.152129,1
419,610140,0.838000,2.152129,1
420,610140,0.824500,2.152129,1
421,610140,0.827000,2.152129,1
422,610140,0.827000,2.152129,1
423,610140,0.828500,2.152129,1
424,610140,0.847500,2.152129,1
425,610140,0.841500,2.152129,1
426,610140,0.843600,2.152129,1
427,610140,0.840900,2.152129,1
428,610140,0.840500,2.152129,1
429,610140,0.843600,2.152129,1
430,610140,0.847800,2.152129,1
431,610140,0.850800,2.152129,1
432,610140,0.854700,2.152129,1
433,610140,0.852500,2.152129,1
434,610140,0.852900,2.152129,1
435,610140,0.854600,2.152129,1
436,610140,0.857900,2.152129,1
437,610140,0.854500,2.152129,1
438,610140,0.855400,2.152129,1
439,610140,0.856200,2.152129,1
440,610140,0.859600,2.152129,1
441,610140,0.859800,2.152129,1
442,610140,0.858600,2.152129,1
443,610140,0.864200,2.152129,1
444,610140,0.870700,2.152129,1
445,610140,0.880200,2.152129,1
446,610140,0.879000,2.152129,1
447,610140,0.886000,2.152129,1
448,610140,0.887600,2.152129,1
449,610140,0.887700,2.152129,1
450,610140,0.883900,2.152129,1
451,610140,0.879850,2.152129,1
452,610140,0.878550,2.152129,1
453,610140,0.878550,2.152129,1
454,610140,0.878300,2.152129,1
455,610140,0.879850,2.152129,1
456,610140,0.880400,2.152129,1
457,610140,0.875150,2.152129,1
458,610140,0.873350,2.152129,1
459,610140,0.871600,2.152129,1
460,610140,0.872550,2.152129,1
461,610140,0.868950,2.152129,1
462,610140,0.867950,2.152129,1
463,610140,0.864600,2.152129,1
464,610140,0.863900,2.152129,1
465,610140,0.862900,2.152129,1
466,610140,0.861450,2.152129,1
467,610140,0.860900,2.152129,1
468,610140,0.859500,2.152129,1
469,610140,0.860300,2.152129,1
470,610140,0.856750,2.152129,1
471,610140,0.850750,2.152129,1
472,610140,0.848900,2.152129,1
473,610140,0.845850,2.152129,1
474,610140,0.844450,2.152129,1
475,610140,0.842150,2.152129,1
476,610140,0.854500,2.152129,1
477,610140,0.873500,2.152129,1
478,610140,0.874500,2.152129,1
479,610140,0.879500,2.152129,1
480,610140,0.885000,2.152129,1
481,610140,0.879500,2.152129,1
482,610140,0.873500,2.152129,1
483,610140,0.873000,2.152129,1
484,610140,0.875500,2.152129,1
485,610140,0.886500,2.152129,1
486,610140,0.885000,2.152129,1
487,610140,0.884500,2.152129,1
488,610140,0.893500,2.152129,1
489,610140,0.906000,2.152129,1
490,610140,0.909000,2.152129,1
491,610140,0.913000,2.152129,1
492,610140,0.913500,2.152129,1
493,610140,0.914000,2.152129,1
494,610140,0.921000,2.152129,1
495,610140,0.921000,2.152129,1
496,610140,0.923000,2.152129,1
497,610140,0.923000,2.152129,1
498,610140,0.926500,2.152129,1
499,610140,0.921000,2.152129,1
500,610140,0.925500,2.152129,1
501,610140,0.924700,2.152129,1
502,610140,0.920400,2.152129,1
503,610140,0.918500,2.152129,1
504,610140,0.918800,2.152129,1
505,610140,0.915500,2.152129,1
506,610140,0.916200,2.152129,1
507,610140,0.914400,2.152129,1
508,610140,0.919600,2.152129,1
509,610140,0.919400,2.152129,1
510,610140,0.917200,2.152129,1
511,610140,0.919500,2.152129,1
512,610140,0.920900,2.152129,1
513,610140,0.921600,2.152129,1
514,610140,0.923600,2.152129,1
515,610140,0.925100,2.152129,1
516,610140,0.925200,2.152129,1
517,610140,0.928500,2.152129,1
518,610140,0.930400,2.152129,1
519,610140,0.929500,2.152129,1
520,610140,0.927800,2.152129,1
521,610140,0.926900,2.152129,1
522,610140,0.925300,2.152129,1
523,610140,0.922700,2.152129,1
524,610140,0.916300,2.152129,1
525,610140,0.909100,2.152129,1
526,610140,0.913600,2.152129,1
527,610140,0.911500,2.152129,1
528,610140,0.910850,2.152129,1
529,610140,0.909800,2.152129,1
530,610140,0.910950,2.152129,1
531,610140,0.912150,2.152129,1
532,610140,0.912150,2.152129,1
533,610140,0.914850,2.152129,1
534,610140,0.915850,2.152129,1
535,610140,0.916900,2.152129,1
536,610140,0.920100,2.152129,1
537,610140,0.924200,2.152129,1
538,610140,0.926300,2.152129,1
539,610140,0.927300,2.152129,1
540,610140,0.927850,2.152129,1
541,610140,0.929400,2.152129,1
542,610140,0.935050,2.152129,1
543,610140,0.937250,2.152129,1
544,610140,0.937950,2.152129,1
545,610140,0.936150,2.152129,1
546,610140,0.939800,2.152129,1
547,610140,0.940200,2.152129,1
548,610140,0.941100,2.152129,1
549,610140,0.941750,2.152129,1
550,610140,0.941450,2.152129,1
551,610140,0.939000,2.152129,1
552,610140,0.944500,2.152129,1
553,610140,0.936500,2.152129,1
554,610140,0.943000,2.152129,1
555,610140,0.938000,2.152129,1
556,610140,0.941000,2.152129,1
557,610140,0.936000,2.152129,1
558,610140,0.935000,2.152129,1
559,610140,0.938000,2.152129,1
560,610140,0.939000,2.152129,1
561,610140,0.930000,2.152129,1
562,610140,0.921000,2.152129,1
563,610140,0.926500,2.152129,1
564,610140,0.920000,2.152129,1
565,610140,0.910000,2.152129,1
566,610140,0.902500,2.152129,1
567,610140,0.903000,2.152129,1
568,610140,0.913500,2.152129,1
569,610140,0.912500,2.152129,1
570,610140,0.923000,2.152129,1
571,610140,0.919500,2.152129,1
572,610140,0.924500,2.152129,1
573,610140,0.924000,2.152129,1
574,610140,0.925000,2.152129,1
575,610140,0.922000,2.152129,1
576,610140,0.921300,2.152129,1
577,610140,0.924300,2.152129,1
578,610140,0.929500,2.152129,1
579,610140,0.933500,2.152129,1
580,610140,0.936800,2.152129,1
581,610140,0.937300,2.152129,1
582,610140,0.938800,2.152129,1
583,610140,0.941000,2.152129,1
584,610140,0.941800,2.152129,1
585,610140,0.939200,2.152129,1
586,610140,0.939400,2.152129,1
587,610140,0.941300,2.152129,1
588,610140,0.942600,2.152129,1
589,610140,0.942500,2.152129,1
590,610140,0.946200,2.152129,1
591,610140,0.948100,2.152129,1
592,610140,0.949700,2.152129,1
593,610140,0.946000,2.152129,1
594,610140,0.947700,2.152129,1
595,610140,0.950000,2.152129,1
596,610140,0.949800,2.152129,1
597,610140,0.950500,2.152129,1
598,610140,0.952200,2.152129,1
599,610140,0.949400,2.152129,1
600,610140,0.950000,2.152129,1
601,610140,0.951950,2.152129,1
602,610140,0.951500,2.152129,1
603,610140,0.949150,2.152129,1
604,610140,0.948850,2.152129,1
605,610140,0.946500,2.152129,1
606,610140,0.948800,2.152129,1
607,610140,0.947900,2.152129,1
608,610140,0.945000,2.152129,1
609,610140,0.946050,2.152129,1
610,610140,0.944200,2.152129,1
611,610140,0.941900,2.152129,1
612,610140,0.943800,2.152129,1
613,610140,0.941900,2.152129,1
614,610140,0.940550,2.152129,1
615,610140,0.940250,2.152129,1
616,610140,0.939200,2.152129,1
617,610140,0.938650,2.152129,1
618,610140,0.935800,2.152129,1
619,610140,0.934450,2.152129,1
620,610140,0.931600,2.152129,1
621,610140,0.932700,2.152129,1
622,610140,0.929700,2.152129,1
623,610140,0.929300,2.152129,1
624,610140,0.927700,2.152129,1
625,610140,0.928300,2.152129,1
626,610140,0.922000,2.152129,1
627,610140,0.927500,2.152129,1
628,610140,0.924500,2.152129,1
629,610140,0.924000,2.152129,1
630,610140,0.930000,2.152129,1
631,610140,0.929500,2.152129,1
632,610140,0.925500,2.152129,1
633,610140,0.928000,2.152129,1
634,610140,0.932000,2.152129,1
635,610140,0.930000,2.152129,1
636,610140,0.925500,2.152129,1
637,610140,0.925500,2.152129,1
638,610140,0.926000,2.152129,1
639,610140,0.925000,2.152129,1
640,610140,0.928000,2.152129,1
641,610140,0.930000,2.152129,1
642,610140,0.932000,2.152129,1
643,610140,0.931000,2.152129,1
644,610140,0.937500,2.152129,1
645,610140,0.936000,2.152129,1
646,610140,0.944500,2.152129,1
647,610140,0.952500,2.152129,1
648,610140,0.956000,2.152129,1
649,610140,0.953000,2.152129,1
650,610140,0.945000,2.152129,1
651,610140,0.945300,2.152129,1
652,610140,0.945500,2.152129,1
653,610140,0.947100,2.152129,1
654,610140,0.944000,2.152129,1
655,610140,0.942100,2.152129,1
656,610140,0.941200,2.152129,1
657,610140,0.942600,2.152129,1
658,610140,0.938700,2.152129,1
659,610140,0.937700,2.152129,1
660,610140,0.939100,2.152129,1
661,610140,0.935600,2.152129,1
662,610140,0.930400,2.152129,1
663,610140,0.930100,2.152129,1
664,610140,0.931800,2.152129,1
665,610140,0.934400,2.152129,1
666,610140,0.927600,2.152129,1
667,610140,0.920900,2.152129,1
668,610140,0.921400,2.152129,1
669,610140,0.928200,2.152129,1
670,610140,0.926600,2.152129,1
671,610140,0.926500,2.152129,1
672,610140,0.923200,2.152129,1
673,610140,0.927200,2.152129,1
674,610140,0.929900,2.152129,1
675,610140,0.925600,2.152129,1
676,610140,0.927200,2.152129,1
677,610140,0.930050,2.152129,1
678,610140,0.927700,2.152129,1
679,610140,0.929550,2.152129,1
680,610140,0.928650,2.152129,1
681,610140,0.929500,2.152129,1
682,610140,0.930350,2.152129,1
683,610140,0.931350,2.152129,1
684,610140,0.933850,2.152129,1
685,610140,0.935400,2.152129,1
686,610140,0.935350,2.152129,1
687,610140,0.938000,2.152129,1
688,610140,0.938550,2.152129,1
689,610140,0.940350,2.152129,1
690,610140,0.944400,2.152129,1
691,610140,0.947000,2.152129,1
692,610140,0.950200,2.152129,1
693,610140,0.950050,2.152129,1
694,610140,0.949800,2.152129,1
695,610140,0.951400,2.152129,1
696,610140,0.953050,2.152129,1
697,610140,0.951550,2.152129,1
698,610140,0.955500,2.152129,1
699,610140,0.958000,2.152129,1
700,610140,0.958750,2.152129,1
701,610140,0.966000,2.152129,1
702,610140,0.969500,2.152129,1
703,610140,0.968500,2.152129,1
704,610140,0.977000,2.152129,1
705,610140,0.974000,2.152129,1
706,610140,0.982000,2.152129,1
707,610140,0.974500,2.152129,1
708,610140,0.975500,2.152129,1
709,610140,0.968500,2.152129,1
710,610140,0.966500,2.152129,1
711,610140,0.967500,2.152129,1
712,610140,0.967500,2.152129,1
713,610140,0.969000,2.152129,1
714,610140,0.972500,2.152129,1
715,610140,0.968500,2.152129,1
716,610140,0.961500,2.152129,1
717,610140,0.963500,2.152129,1
718,610140,0.966000,2.152129,1
719,610140,0.971000,2.152129,1
720,610140,0.974500,2.152129,1
721,610140,0.977500,2.152129,1
722,610140,0.981000,2.152129,1
723,610140,0.981000,2.152129,1
724,610140,0.980000,2.152129,1
725,610140,0.981000,2.152129,1
726,610140,0.981600,2.152129,1
727,610140,0.982800,2.152129,1
728,610140,0.984100,2.152129,1
729,610140,0.983400,2.152129,1
730,610140,0.984600,2.152129,1
731,610140,0.984100,2.152129,1
732,610140,0.985300,2.152129,1
733,610140,0.984100,2.152129,1
734,610140,0.982700,2.152129,1
735,610140,0.981600,2.152129,1
736,610140,0.979700,2.152129,1
737,610140,0.979300,2.152129,1
738,610140,0.981200,2.152129,1
739,610140,0.981900,2.152129,1
740,610140,0.980300,2.152129,1
741,610140,0.980300,2.152129,1
742,610140,0.979000,2.152129,1
743,610140,0.981600,2.152129,1
744,610140,0.982400,2.152129,1
745,610140,0.983800,2.152129,1
746,610140,0.982800,2.152129,1
747,610140,0.984200,2.152129,1
748,610140,0.986600,2.152129,1
749,610140,0.986800,2.152129,1
750,610140,0.986900,2.152129,1
751,610140,0.987300,2.152129,1
752,610140,0.987000,2.152129,1
753,610140,0.987200,2.152129,1
754,610140,0.987750,2.152129,1
755,610140,0.988350,2.152129,1
756,610140,0.988400,2.152129,1
757,610140,0.988650,2.152129,1
758,610140,0.988050,2.152129,1
759,610140,0.987400,2.152129,1
760,610140,0.987400,2.152129,1
761,610140,0.985400,2.152129,1
762,610140,0.984650,2.152129,1
763,610140,0.984050,2.152129,1
764,610140,0.983600,2.152129,1
765,610140,0.984200,2.152129,1
766,610140,0.983400,2.152129,1
767,610140,0.982700,2.152129,1
768,610140,0.982900,2.152129,1
769,610140,0.980650,2.152129,1
770,610140,0.979800,2.152129,1
771,610140,0.980450,2.152129,1
772,610140,0.979000,2.152129,1
773,610140,0.980300,2.152129,1
774,610140,0.981300,2.152129,1
775,610140,0.983000,2.152129,1
776,610140,0.976500,2.152129,1
777,610140,0.970500,2.152129,1
778,610140,0.968000,2.152129,1
779,610140,0.968000,2.152129,1
780,610140,0.971000,2.152129,1
781,610140,0.962500,2.152129,1
782,610140,0.960000,2.152129,1
783,610140,0.957000,2.152129,1
784,610140,0.957000,2.152129,1
785,610140,0.956000,2.152129,1
786,610140,0.964500,2.152129,1
787,610140,0.970500,2.152129,1
788,610140,0.973000,2.152129,1
789,610140,0.971000,2.152129,1
790,610140,0.972500,2.152129,1
791,610140,0.972000,2.152129,1
792,610140,0.976500,2.152129,1
793,610140,0.979000,2.152129,1
794,610140,0.985000,2.152129,1
795,610140,0.986500,2.152129,1
796,610140,0.984500,2.152129,1
797,610140,0.985000,2.152129,1
798,610140,0.986000,2.152129,1
799,610140,0.984000,2.152129,1
800,610140,0.983000,2.152129,1
801,610140,0.983700,2.152129,1
802,610140,0.985300,2.152129,1
803,610140,0.984000,2.152129,1
804,610140,0.984000,2.152129,1
805,610140,0.984400,2.152129,1
806,610140,0.984200,2.152129,1
807,610140,0.984300,2.152129,1
808,610140,0.983900,2.152129,1
809,610140,0.982400,2.152129,1
810,610140,0.980700,2.152129,1
811,610140,0.980300,2.152129,1
812,610140,0.980000,2.152129,1
813,610140,0.978900,2.152129,1
814,610140,0.977500,2.152129,1
815,610140,0.973500,2.152129,1
816,610140,0.976600,2.152129,1
817,610140,0.977100,2.152129,1
818,610140,0.977300,2.152129,1
819,610140,0.976300,2.152129,1
820,610140,0.976900,2.152129,1
821,610140,0.975800,2.152129,1
822,610140,0.973000,2.152129,1
823,610140,0.975500,2.152129,1
824,610140,0.976300,2.152129,1
825,610140,0.975400,2.152129,1
826,610140,0.975350,2.152129,1
827,610140,0.977200,2.152129,1
828,610140,0.978850,2.152129,1
829,610140,0.978300,2.152129,1
830,610140,0.976300,2.152129,1
831,610140,0.977300,2.152129,1
832,610140,0.975950,2.152129,1
833,610140,0.978000,2.152129,1
834,610140,0.980450,2.152129,1
835,610140,0.980100,2.152129,1
836,610140,0.980550,2.152129,1
837,610140,0.981950,2.152129,1
838,610140,0.980800,2.152129,1
839,610140,0.980850,2.152129,1
840,610140,0.981700,2.152129,1
841,610140,0.980600,2.152129,1
842,610140,0.980750,2.152129,1
843,610140,0.979750,2.152129,1
844,610140,0.980050,2.152129,1
845,610140,0.980050,2.152129,1
846,610140,0.979650,2.152129,1
847,610140,0.980100,2.152129,1
848,610140,0.981200,2.152129,1
849,610140,0.980400,2.152129,1
850,610140,0.981250,2.152129,1
851,610140,0.982000,2.152129,1
852,610140,0.984500,2.152129,1
853,610140,0.982000,2.152129,1
854,610140,0.985000,2.152129,1
855,610140,0.986000,2.152129,1
856,610140,0.986000,2.152129,1
857,610140,0.982000,2.152129,1
858,610140,0.981500,2.152129,1
859,610140,0.980000,2.152129,1
860,610140,0.980500,2.152129,1
861,610140,0.983500,2.152129,1
862,610140,0.981500,2.152129,1
863,610140,0.981000,2.152129,1
864,610140,0.978500,2.152129,1
865,610140,0.982000,2.152129,1
866,610140,0.976000,2.152129,1
867,610140,0.973000,2.152129,1
868,610140,0.967500,2.152129,1
869,610140,0.966000,2.152129,1
870,610140,0.967000,2.152129,1
871,610140,0.965500,2.152129,1
872,610140,0.956000,2.152129,1
873,610140,0.952000,2.152129,1
874,610140,0.952500,2.152129,1
875,610140,0.953000,2.152129,1
876,610140,0.953800,2.152129,1
877,610140,0.954400,2.152129,1
878,610140,0.955300,2.152129,1
879,610140,0.955800,2.152129,1
880,610140,0.956000,2.152129,1
881,610140,0.955900,2.152129,1
882,610140,0.953500,2.152129,1
883,610140,0.954000,2.152129,1
884,610140,0.953500,2.152129,1
885,610140,0.955700,2.152129,1
886,610140,0.955800,2.152129,1
887,610140,0.955900,2.152129,1
888,610140,0.957800,2.152129,1
889,610140,0.959000,2.152129,1
890,610140,0.959400,2.152129,1
891,610140,0.959800,2.152129,1
892,610140,0.962700,2.152129,1
893,610140,0.962300,2.152129,1
894,610140,0.963200,2.152129,1
895,610140,0.962700,2.152129,1
896,610140,0.964200,2.152129,1
897,610140,0.965500,2.152129,1
898,610140,0.966700,2.152129,1
899,610140,0.966500,2.152129,1
900,610140,0.964500,2.152129,1
901,610140,0.962400,2.152129,1
902,610140,0.961200,2.152129,1
903,610140,0.959300,2.152129,1
904,610140,0.957200,2.152129,1
905,610140,0.954100,2.152129,1
906,610140,0.954150,2.152129,1
907,610140,0.953650,2.152129,1
908,610140,0.954000,2.152129,1
909,610140,0.954550,2.152129,1
910,610140,0.956550,2.152129,1
911,610140,0.954300,2.152129,1
912,610140,0.954950,2.152129,1
913,610140,0.953750,2.152129,1
914,610140,0.952100,2.152129,1
915,610140,0.953300,2.152129,1
916,610140,0.951000,2.152129,1
917,610140,0.948150,2.152129,1
918,610140,0.947500,2.152129,1
919,610140,0.944450,2.152129,1
920,610140,0.943600,2.152129,1
921,610140,0.942900,2.152129,1
922,610140,0.942050,2.152129,1
923,610140,0.940250,2.152129,1
924,610140,0.936250,2.152129,1
925,610140,0.935500,2.152129,1
926,610140,0.933500,2.152129,1
927,610140,0.940000,2.152129,1
928,610140,0.934500,2.152129,1
929,610140,0.938000,2.152129,1
930,610140,0.935500,2.152129,1
931,610140,0.940500,2.152129,1
932,610140,0.945500,2.152129,1
933,610140,0.944000,2.152129,1
934,610140,0.939000,2.152129,1
935,610140,0.942000,2.152129,1
936,610140,0.938000,2.152129,1
937,610140,0.932000,2.152129,1
938,610140,0.931500,2.152129,1
939,610140,0.933500,2.152129,1
940,610140,0.931000,2.152129,1
941,610140,0.921500,2.152129,1
942,610140,0.924000,2.152129,1
943,610140,0.919500,2.152129,1
944,610140,0.924000,2.152129,1
945,610140,0.929000,2.152129,1
946,610140,0.941000,2.152129,1
947,610140,0.944000,2.152129,1
948,610140,0.945000,2.152129,1
949,610140,0.957000,2.152129,1
950,610140,0.960500,2.152129,1
951,610140,0.961900,2.152129,1
952,610140,0.961500,2.152129,1
953,610140,0.954900,2.152129,1
954,610140,0.955100,2.152129,1
955,610140,0.957700,2.152129,1
956,610140,0.957300,2.152129,1
957,610140,0.957100,2.152129,1
958,610140,0.958000,2.152129,1
959,610140,0.953800,2.152129,1
960,610140,0.954400,2.152129,1
961,610140,0.956000,2.152129,1
962,610140,0.955800,2.152129,1
963,610140,0.954300,2.152129,1
964,610140,0.958200,2.152129,1
965,610140,0.958300,2.152129,1
966,610140,0.956600,2.152129,1
967,610140,0.955000,2.152129,1
968,610140,0.951600,2.152129,1
969,610140,0.952000,2.152129,1
970,610140,0.952700,2.152129,1
971,610140,0.956800,2.152129,1
972,610140,0.957800,2.152129,1
973,610140,0.959000,2.152129,1
974,610140,0.959400,2.152129,1
975,610140,0.952800,2.152129,1
976,610140,0.953450,2.152129,1
977,610140,0.954850,2.152129,1
978,610140,0.955600,2.152129,1
979,610140,0.956600,2.152129,1
980,610140,0.956200,2.152129,1
981,610140,0.955250,2.152129,1
982,610140,0.956950,2.152129,1
983,610140,0.958650,2.152129,1
984,610140,0.957850,2.152129,1
985,610140,0.959550,2.152129,1
986,610140,0.961250,2.152129,1
987,610140,0.961350,2.152129,1
988,610140,0.963150,2.152129,1
989,610140,0.964250,2.152129,1
990,610140,0.964100,2.152129,1
991,610140,0.963500,2.152129,1
992,610140,0.964750,2.152129,1
993,610140,0.965450,2.152129,1
994,610140,0.965750,2.152129,1
995,610140,0.967400,2.152129,1
996,610140,0.969050,2.152129,1
997,610140,0.970600,2.152129,1
998,610140,0.972500,2.152129,1
999,610140,0.973650,2.152129,1
1000,610140,0.973450,2.152129,1
1001,610140,0.976000,2.152129,1
1002,610140,0.977000,2.152129,1
1003,610140,0.974000,2.152129,1
1004,610140,0.971500,2.152129,1
1005,610140,0.969500,2.152129,1
1006,610140,0.971000,2.152129,1
1007,610140,0.971000,2.152129,1
1008,610140,0.970500,2.152129,1
1009,610140,0.959000,2.152129,1
1010,610140,0.958500,2.152129,1
1011,610140,0.958000,2.152129,1
1012,610140,0.956000,2.152129,1
1013,610140,0.956000,2.152129,1
1014,610140,0.956000,2.152129,1
1015,610140,0.957000,2.152129,1
1016,610140,0.957500,2.152129,1
1017,610140,0.949000,2.152129,1
1018,610140,0.948500,2.152129,1
1019,610140,0.950500,2.152129,1
1020,610140,0.945000,2.152129,1
1021,610140,0.950000,2.152129,1
1022,610140,0.948000,2.152129,1
1023,610140,0.945500,2.152129,1
1024,610140,0.946500,2.152129,1
1025,610140,0.944000,2.152129,1
1026,610140,0.947100,2.152129,1
1027,610140,0.944800,2.152129,1
1028,610140,0.948800,2.152129,1
1029,610140,0.952400,2.152129,1
1030,610140,0.956900,2.152129,1
1031,610140,0.955400,2.152129,1
1032,610140,0.958500,2.152129,1
1033,610140,0.959800,2.152129,1
1034,610140,0.960600,2.152129,1
1035,610140,0.962100,2.152129,1
1036,610140,0.960900,2.152129,1
1037,610140,0.963100,2.152129,1
1038,610140,0.964900,2.152129,1
1039,610140,0.963900,2.152129,1
1040,610140,0.964500,2.152129,1
1041,610140,0.966500,2.152129,1
1042,610140,0.964600,2.152129,1
1043,610140,0.963000,2.152129,1
1044,610140,0.965400,2.152129,1
1045,610140,0.966800,2.152129,1
1046,610140,0.966900,2.152129,1
1047,610140,0.968400,2.152129,1
1048,610140,0.968600,2.152129,1
1049,610140,0.968700,2.152129,1
1050,610140,0.968800,2.152129,1
1051,610140,0.968850,2.152129,1
1052,610140,0.969100,2.152129,1
1053,610140,0.969800,2.152129,1
1054,610140,0.968800,2.152129,1
1055,610140,0.971250,2.152129,1
1056,610140,0.971900,2.152129,1
1057,610140,0.973800,2.152129,1
1058,610140,0.973350,2.152129,1
1059,610140,0.972700,2.152129,1
1060,610140,0.973150,2.152129,1
1061,610140,0.971000,2.152129,1
1062,610140,0.969850,2.152129,1
1063,610140,0.968500,2.152129,1
1064,610140,0.967450,2.152129,1
1065,610140,0.965050,2.152129,1
1066,610140,0.963650,2.152129,1
1067,610140,0.962250,2.152129,1
1068,610140,0.960050,2.152129,1
1069,610140,0.957300,2.152129,1
1070,610140,0.956200,2.152129,1
1071,610140,0.959400,2.152129,1
1072,610140,0.957200,2.152129,1
1073,610140,0.955850,2.152129,1
1074,610140,0.952500,2.152129,1
1075,610140,0.954550,2.152129,1
1076,610140,0.950000,2.152129,1
1077,610140,0.950500,2.152129,1
1078,610140,0.956500,2.152129,1
1079,610140,0.959000,2.152129,1
1080,610140,0.957500,2.152129,1
1081,610140,0.960500,2.152129,1
1082,610140,0.967000,2.152129,1
1083,610140,0.969000,2.152129,1
1084,610140,0.970500,2.152129,1
1085,610140,0.965000,2.152129,1
1086,610140,0.967000,2.152129,1
1087,610140,0.970500,2.152129,1
1088,610140,0.968500,2.152129,1
1089,610140,0.963500,2.152129,1
1090,610140,0.962000,2.152129,1
1091,610140,0.962000,2.152129,1
1092,610140,0.962500,2.152129,1
1093,610140,0.958500,2.152129,1
1094,610140,0.959500,2.152129,1
1095,610140,0.957000,2.152129,1
1096,610140,0.955000,2.152129,1
1097,610140,0.958500,2.152129,1
1098,610140,0.957500,2.152129,1
1099,610140,0.962500,2.152129,1
1100,610140,0.962000,2.152129,1
1101,610140,0.961600,2.152129,1
1102,610140,0.960300,2.152129,1
1103,610140,0.960800,2.152129,1
1104,610140,0.959800,2.152129,1
1105,610140,0.957500,2.152129,1
1106,610140,0.956900,2.152129,1
1107,610140,0.955300,2.152129,1
1108,610140,0.953900,2.152129,1
1109,610140,0.955700,2.152129,1
1110,610140,0.956200,2.152129,1
1111,610140,0.958300,2.152129,1
1112,610140,0.957900,2.152129,1
1113,610140,0.957300,2.152129,1
1114,610140,0.958200,2.152129,1
1115,610140,0.958900,2.152129,1
1116,610140,0.956400,2.152129,1
1117,610140,0.954100,2.152129,1
1118,610140,0.951300,2.152129,1
1119,610140,0.948200,2.152129,1
1120,610140,0.948500,2.152129,1
1121,610140,0.945700,2.152129,1
1122,610140,0.947200,2.152129,1
1123,610140,0.947000,2.152129,1
1124,610140,0.945500,2.152129,1
1125,610140,0.945400,2.152129,1
1126,610140,0.943750,2.152129,1
1127,610140,0.944350,2.152129,1
1128,610140,0.946200,2.152129,1
1129,610140,0.945200,2.152129,1
1130,610140,0.945850,2.152129,1
1131,610140,0.947850,2.152129,1
1132,610140,0.949000,2.152129,1
1133,610140,0.948850,2.152129,1
1134,610140,0.947650,2.152129,1
1135,610140,0.946700,2.152129,1
1136,610140,0.945900,2.152129,1
1137,610140,0.951600,2.152129,1
1138,610140,0.953450,2.152129,1
1139,610140,0.955450,2.152129,1
1140,610140,0.957700,2.152129,1
1141,610140,0.956150,2.152129,1
1142,610140,0.956450,2.152129,1
1143,610140,0.957650,2.152129,1
1144,610140,0.959400,2.152129,1
1145,610140,0.961100,2.152129,1
1146,610140,0.961900,2.152129,1
1147,610140,0.963200,2.152129,1
1148,610140,0.959350,2.152129,1
1149,610140,0.961700,2.152129,1
1150,610140,0.962700,2.152129,1
1151,610140,0.959500,2.152129,1
1152,610140,0.951500,2.152129,1
1153,610140,0.942500,2.152129,1
1154,610140,0.943000,2.152129,1
1155,610140,0.934000,2.152129,1
1156,610140,0.937000,2.152129,1
1157,610140,0.929000,2.152129,1
1158,610140,0.928500,2.152129,1
1159,610140,0.931000,2.152129,1
1160,610140,0.935500,2.152129,1
1161,610140,0.930500,2.152129,1
1162,610140,0.927000,2.152129,1
1163,610140,0.915500,2.152129,1
1164,610140,0.919000,2.152129,1
1165,610140,0.914000,2.152129,1
1166,610140,0.922500,2.152129,1
1167,610140,0.921000,2.152129,1
1168,610140,0.919000,2.152129,1
1169,610140,0.919500,2.152129,1
1170,610140,0.919500,2.152129,1
1171,610140,0.914000,2.152129,1
1172,610140,0.907000,2.152129,1
1173,610140,0.905500,2.152129,1
1174,610140,0.894000,2.152129,1
1175,610140,0.900000,2.152129,1
1176,610140,0.900000,2.152129,1
1177,610140,0.900400,2.152129,1
1178,610140,0.903200,2.152129,1
1179,610140,0.905300,2.152129,1
1180,610140,0.907000,2.152129,1
1181,610140,0.904000,2.152129,1
1182,610140,0.911700,2.152129,1
1183,610140,0.912900,2.152129,1
1184,610140,0.907900,2.152129,1
1185,610140,0.906000,2.152129,1
1186,610140,0.904200,2.152129,1
1187,610140,0.903700,2.152129,1
1188,610140,0.907100,2.152129,1
1189,610140,0.906200,2.152129,1
1190,610140,0.910100,2.152129,1
1191,610140,0.910400,2.152129,1
1192,610140,0.915200,2.152129,1
1193,610140,0.916000,2.152129,1
1194,610140,0.914600,2.152129,1
1195,610140,0.911500,2.152129,1
1196,610140,0.912000,2.152129,1
1197,610140,0.914200,2.152129,1
1198,610140,0.912600,2.152129,1
1199,610140,0.913600,2.152129,1
1200,610140,0.912000,2.152129,1
1201,610140,0.910050,2.152129,1
1202,610140,0.907150,2.152129,1
1203,610140,0.904800,2.152129,1
1204,610140,0.901200,2.152129,1
1205,610140,0.900650,2.152129,1
1206,610140,0.899750,2.152129,1
1207,610140,0.902050,2.152129,1
1208,610140,0.898500,2.152129,1
1209,610140,0.897450,2.152129,1
1210,610140,0.895200,2.152129,1
1211,610140,0.896950,2.152129,1
1212,610140,0.897800,2.152129,1
1213,610140,0.896400,2.152129,1
1214,610140,0.894200,2.152129,1
1215,610140,0.890850,2.152129,1
1216,610140,0.891050,2.152129,1
1217,610140,0.887500,2.152129,1
1218,610140,0.885900,2.152129,1
1219,610140,0.881500,2.152129,1
1220,610140,0.875400,2.152129,1
1221,610140,0.880050,2.152129,1
1222,610140,0.878300,2.152129,1
1223,610140,0.876750,2.152129,1
1224,610140,0.875050,2.152129,1
1225,610140,0.873250,2.152129,1
1226,610140,0.873500,2.152129,1
1227,610140,0.873000,2.152129,1
1228,610140,0.858500,2.152129,1
1229,610140,0.849000,2.152129,1
1230,610140,0.857000,2.152129,1
1231,610140,0.860500,2.152129,1
1232,610140,0.865500,2.152129,1
1233,610140,0.869000,2.152129,1
1234,610140,0.865500,2.152129,1
1235,610140,0.870500,2.152129,1
1236,610140,0.873500,2.152129,1
1237,610140,0.869000,2.152129,1
1238,610140,0.852000,2.152129,1
1239,610140,0.859500,2.152129,1
1240,610140,0.866500,2.152129,1
1241,610140,0.858000,2.152129,1
1242,610140,0.852500,2.152129,1
1243,610140,0.853500,2.152129,1
1244,610140,0.859500,2.152129,1
1245,610140,0.867500,2.152129,1
1246,610140,0.874000,2.152129,1
1247,610140,0.877500,2.152129,1
1248,610140,0.871000,2.152129,1
1249,610140,0.866500,2.152129,1
1250,610140,0.873000,2.152129,1
1251,610140,0.870400,2.152129,1
1252,610140,0.866600,2.152129,1
1253,610140,0.868800,2.152129,1
1254,610140,0.864400,2.152129,1
1255,610140,0.861300,2.152129,1
1256,610140,0.860700,2.152129,1
1257,610140,0.863900,2.152129,1
1258,610140,0.864100,2.152129,1
1259,610140,0.861700,2.152129,1
1260,610140,0.862200,2.152129,1
1261,610140,0.870000,2.152129,1
1262,610140,0.869400,2.152129,1
1263,610140,0.865400,2.152129,1
1264,610140,0.863100,2.152129,1
1265,610140,0.860200,2.152129,1
1266,610140,0.861700,2.152129,1
1267,610140,0.860100,2.152129,1
1268,610140,0.860000,2.152129,1
1269,610140,0.859200,2.152129,1
1270,610140,0.858000,2.152129,1
1271,610140,0.858100,2.152129,1
1272,610140,0.855200,2.152129,1
1273,610140,0.854700,2.152129,1
1274,610140,0.853600,2.152129,1
1275,610140,0.860900,2.152129,1
1276,610140,0.859600,2.152129,1
1277,610140,0.865300,2.152129,1
1278,610140,0.867850,2.152129,1
1279,610140,0.865450,2.152129,1
1280,610140,0.867850,2.152129,1
1281,610140,0.871250,2.152129,1
1282,610140,0.866200,2.152129,1
1283,610140,0.865700,2.152129,1
1284,610140,0.868450,2.152129,1
1285,610140,0.868700,2.152129,1
1286,610140,0.870100,2.152129,1
1287,610140,0.870600,2.152129,1
1288,610140,0.869500,2.152129,1
1289,610140,0.873200,2.152129,1
1290,610140,0.871700,2.152129,1
1291,610140,0.874750,2.152129,1
1292,610140,0.877900,2.152129,1
1293,610140,0.875700,2.152129,1
1294,610140,0.875350,2.152129,1
1295,610140,0.879650,2.152129,1
1296,610140,0.882600,2.152129,1
1297,610140,0.882900,2.152129,1
1298,610140,0.882650,2.152129,1
1299,610140,0.888350,2.152129,1
1300,610140,0.894000,2.152129,1
1301,610140,0.893000,2.152129,1
1302,610140,0.885500,2.152129,1
1303,610140,0.888000,2.152129,1
1304,610140,0.883500,2.152129,1
1305,610140,0.885000,2.152129,1
1306,610140,0.888500,2.152129,1
1307,610140,0.893500,2.152129,1
1308,610140,0.890500,2.152129,1
1309,610140,0.890000,2.152129,1
1310,610140,0.890500,2.152129,1
1311,610140,0.880000,2.152129,1
1312,610140,0.879000,2.152129,1
1313,610140,0.865000,2.152129,1
1314,610140,0.857000,2.152129,1
1315,610140,0.855500,2.152129,1
1316,610140,0.856000,2.152129,1
1317,610140,0.865000,2.152129,1
1318,610140,0.855000,2.152129,1
1319,610140,0.865500,2.152129,1
1320,610140,0.853500,2.152129,1
1321,610140,0.853000,2.152129,1
1322,610140,0.851500,2.152129,1
1323,610140,0.854500,2.152129,1
1324,610140,0.854000,2.152129,1
1325,610140,0.855500,2.152129,1
1326,610140,0.853500,2.152129,1
1327,610140,0.853100,2.152129,1
1328,610140,0.853100,2.152129,1
1329,610140,0.854800,2.152129,1
1330,610140,0.861100,2.152129,1
1331,610140,0.865900,2.152129,1
1332,610140,0.869000,2.152129,1
1333,610140,0.866400,2.152129,1
1334,610140,0.870400,2.152129,1
1335,610140,0.878400,2.152129,1
1336,610140,0.882900,2.152129,1
1337,610140,0.884300,2.152129,1
1338,610140,0.885700,2.152129,1
1339,610140,0.890900,2.152129,1
1340,610140,0.895100,2.152129,1
1341,610140,0.896100,2.152129,1
1342,610140,0.899500,2.152129,1
1343,610140,0.896200,2.152129,1
1344,610140,0.899600,2.152129,1
1345,610140,0.902900,2.152129,1
1346,610140,0.906600,2.152129,1
1347,610140,0.909800,2.152129,1
1348,610140,0.911800,2.152129,1
1349,610140,0.912600,2.152129,1
1350,610140,0.912600,2.152129,1
1351,610140,0.910150,2.152129,1
1352,610140,0.908800,2.152129,1
1353,610140,0.908100,2.152129,1
1354,610140,0.905100,2.152129,1
1355,610140,0.906250,2.152129,1
1356,610140,0.904350,2.152129,1
1357,610140,0.904400,2.152129,1
1358,610140,0.900950,2.152129,1
1359,610140,0.903000,2.152129,1
1360,610140,0.897300,2.152129,1
1361,610140,0.898400,2.152129,1
1362,610140,0.901550,2.152129,1
1363,610140,0.904050,2.152129,1
1364,610140,0.905300,2.152129,1
1365,610140,0.908350,2.152129,1
1366,610140,0.907300,2.152129,1
1367,610140,0.906900,2.152129,1
1368,610140,0.907450,2.152129,1
1369,610140,0.906050,2.152129,1
1370,610140,0.906450,2.152129,1
1371,610140,0.909150,2.152129,1
1372,610140,0.904900,2.152129,1
1373,610140,0.907200,2.152129,1
1374,610140,0.902800,2.152129,1
1375,610140,0.898100,2.152129,1
1376,610140,0.908000,2.152129,1
1377,610140,0.902500,2.152129,1
1378,610140,0.903000,2.152129,1
1379,610140,0.894500,2.152129,1
1380,610140,0.908000,2.152129,1
1381,610140,0.911500,2.152129,1
1382,610140,0.903000,2.152129,1
1383,610140,0.897000,2.152129,1
1384,610140,0.910000,2.152129,1
1385,610140,0.901500,2.152129,1
1386,610140,0.907000,2.152129,1
1387,610140,0.915500,2.152129,1
1388,610140,0.916000,2.152129,1
1389,610140,0.912000,2.152129,1
1390,610140,0.916500,2.152129,1
1391,610140,0.924500,2.152129,1
1392,610140,0.928500,2.152129,1
1393,610140,0.938000,2.152129,1
1394,610140,0.943500,2.152129,1
1395,610140,0.944000,2.152129,1
1396,610140,0.940000,2.152129,1
1397,610140,0.942500,2.152129,1
1398,610140,0.941500,2.152129,1
1399,610140,0.944000,2.152129,1
1400,610140,0.946500,2.152129,1
1401,610140,0.944600,2.152129,1
1402,610140,0.940300,2.152129,1
1403,610140,0.937600,2.152129,1
1404,610140,0.932200,2.152129,1
1405,610140,0.929500,2.152129,1
1406,610140,0.928800,2.152129,1
1407,610140,0.928800,2.152129,1
1408,610140,0.929800,2.152129,1
1409,610140,0.924800,2.152129,1
1410,610140,0.923400,2.152129,1
1411,610140,0.921100,2.152129,1
1412,610140,0.921000,2.152129,1
1413,610140,0.924000,2.152129,1
1414,610140,0.917400,2.152129,1
1415,610140,0.917300,2.152129,1
1416,610140,0.913800,2.152129,1
1417,610140,0.910800,2.152129,1
1418,610140,0.906500,2.152129,1
1419,610140,0.903400,2.152129,1
1420,610140,0.905000,2.152129,1
1421,610140,0.903300,2.152129,1
1422,610140,0.904600,2.152129,1
1423,610140,0.904900,2.152129,1
1424,610140,0.899700,2.152129,1
1425,610140,0.900300,2.152129,1
1426,610140,0.901800,2.152129,1
1427,610140,0.903500,2.152129,1
1428,610140,0.906900,2.152129,1
1429,610140,0.907700,2.152129,1
1430,610140,0.907200,2.152129,1
1431,610140,0.908100,2.152129,1
1432,610140,0.910200,2.152129,1
1433,610140,0.912300,2.152129,1
1434,610140,0.911000,2.152129,1
1435,610140,0.916000,2.152129,1
1436,610140,0.914750,2.152129,1
1437,610140,0.914300,2.152129,1
1438,610140,0.915450,2.152129,1
1439,610140,0.914900,2.152129,1
1440,610140,0.917250,2.152129,1
1441,610140,0.915650,2.152129,1
1442,610140,0.916450,2.152129,1
1443,610140,0.914600,2.152129,1
1444,610140,0.919700,2.152129,1
1445,610140,0.923200,2.152129,1
1446,610140,0.927150,2.152129,1
1447,610140,0.925800,2.152129,1
1448,610140,0.925400,2.152129,1
1449,610140,0.920350,2.152129,1
1450,610140,0.924300,2.152129,1
1451,610140,0.925000,2.152129,1
1452,610140,0.922500,2.152129,1
1453,610140,0.929000,2.152129,1
1454,610140,0.922500,2.152129,1
1455,610140,0.923500,2.152129,1
1456,610140,0.919500,2.152129,1
1457,610140,0.924000,2.152129,1
1458,610140,0.924000,2.152129,1
1459,610140,0.914500,2.152129,1
1460,610140,0.919500,2.152129,1
1461,610140,0.914500,2.152129,1
1462,610140,0.906000,2.152129,1
1463,610140,0.914000,2.152129,1
1464,610140,0.918500,2.152129,1
1465,610140,0.914500,2.152129,1
1466,610140,0.909500,2.152129,1
1467,610140,0.908500,2.152129,1
1468,610140,0.917500,2.152129,1
1469,610140,0.912000,2.152129,1
1470,610140,0.909500,2.152129,1
1471,610140,0.903000,2.152129,1
1472,610140,0.895500,2.152129,1
1473,610140,0.899000,2.152129,1
1474,610140,0.891500,2.152129,1
1475,610140,0.879000,2.152129,1
1476,610140,0.876600,2.152129,1
1477,610140,0.877800,2.152129,1
1478,610140,0.882300,2.152129,1
1479,610140,0.881900,2.152129,1
1480,610140,0.885300,2.152129,1
1481,610140,0.888500,2.152129,1
1482,610140,0.890300,2.152129,1
1483,610140,0.894800,2.152129,1
1484,610140,0.900400,2.152129,1
1485,610140,0.899700,2.152129,1
1486,610140,0.900900,2.152129,1
1487,610140,0.903700,2.152129,1
1488,610140,0.905400,2.152129,1
1489,610140,0.903400,2.152129,1
1490,610140,0.906400,2.152129,1
1491,610140,0.905800,2.152129,1
1492,610140,0.915700,2.152129,1
1493,610140,0.915500,2.152129,1
1494,610140,0.918900,2.152129,1
1495,610140,0.924100,2.152129,1
1496,610140,0.920300,2.152129,1
1497,610140,0.921500,2.152129,1
1498,610140,0.922600,2.152129,1
1499,610140,0.921900,2.152129,1
1500,610140,0.922400,2.152129,1
1501,610140,0.920750,2.152129,1
1502,610140,0.914900,2.152129,1
1503,610140,0.915000,2.152129,1
1504,610140,0.915350,2.152129,1
1505,610140,0.915100,2.152129,1
1506,610140,0.913650,2.152129,1
1507,610140,0.913400,2.152129,1
1508,610140,0.913300,2.152129,1
1509,610140,0.913250,2.152129,1
1510,610140,0.911450,2.152129,1
1511,610140,0.910550,2.152129,1
1512,610140,0.909350,2.152129,1
1513,610140,0.910200,2.152129,1
1514,610140,0.909150,2.152129,1
1515,610140,0.911300,2.152129,1
1516,610140,0.910000,2.152129,1
1517,610140,0.908400,2.152129,1
1518,610140,0.907950,2.152129,1
1519,610140,0.905350,2.152129,1
1520,610140,0.908350,2.152129,1
1521,610140,0.908850,2.152129,1
1522,610140,0.908450,2.152129,1
1523,610140,0.905600,2.152129,1
1524,610140,0.906450,2.152129,1
1525,610140,0.906750,2.152129,1
1526,610140,0.909000,2.152129,1
1527,610140,0.907500,2.152129,1
1528,610140,0.915500,2.152129,1
1529,610140,0.911000,2.152129,1
1530,610140,0.914500,2.152129,1
1531,610140,0.916500,2.152129,1
1532,610140,0.918000,2.152129,1
1533,610140,0.922500,2.152129,1
1534,610140,0.913000,2.152129,1
1535,610140,0.914000,2.152129,1
1536,610140,0.917000,2.152129,1
1537,610140,0.918000,2.152129,1
1538,610140,0.915500,2.152129,1
1539,610140,0.908500,2.152129,1
1540,610140,0.903000,2.152129,1
1541,610140,0.891500,2.152129,1
1542,610140,0.887500,2.152129,1
1543,610140,0.897000,2.152129,1
1544,610140,0.904500,2.152129,1
1545,610140,0.904000,2.152129,1
1546,610140,0.913000,2.152129,1
1547,610140,0.918500,2.152129,1
1548,610140,0.918500,2.152129,1
1549,610140,0.916000,2.152129,1
1550,610140,0.917500,2.152129,1
1551,610140,0.918800,2.152129,1
1552,610140,0.918200,2.152129,1
1553,610140,0.913000,2.152129,1
1554,610140,0.913100,2.152129,1
1555,610140,0.908600,2.152129,1
1556,610140,0.906800,2.152129,1
1557,610140,0.902700,2.152129,1
1558,610140,0.901400,2.152129,1
1559,610140,0.900800,2.152129,1
1560,610140,0.902400,2.152129,1
1561,610140,0.899600,2.152129,1
1562,610140,0.894500,2.152129,1
1563,610140,0.898000,2.152129,1
1564,610140,0.898100,2.152129,1
1565,610140,0.897000,2.152129,1
1566,610140,0.898200,2.152129,1
1567,610140,0.894500,2.152129,1
1568,610140,0.895500,2.152129,1
1569,610140,0.892600,2.152129,1
1570,610140,0.892800,2.152129,1
1571,610140,0.893600,2.152129,1
1572,610140,0.895800,2.152129,1
1573,610140,0.890800,2.152129,1
1574,610140,0.886900,2.152129,1
1575,610140,0.884200,2.152129,1
1576,610140,0.884850,2.152129,1
1577,610140,0.885700,2.152129,1
1578,610140,0.887200,2.152129,1
1579,610140,0.886900,2.152129,1
1580,610140,0.888300,2.152129,1
1581,610140,0.888250,2.152129,1
1582,610140,0.888600,2.152129,1
1583,610140,0.891950,2.152129,1
1584,610140,0.893200,2.152129,1
1585,610140,0.896550,2.152129,1
1586,610140,0.895150,2.152129,1
1587,610140,0.898650,2.152129,1
1588,610140,0.901650,2.152129,1
1589,610140,0.903900,2.152129,1
1590,610140,0.904250,2.152129,1
1591,610140,0.902700,2.152129,1
1592,610140,0.902850,2.152129,1
1593,610140,0.903400,2.152129,1
1594,610140,0.905800,2.152129,1
1595,610140,0.907550,2.152129,1
1596,610140,0.908300,2.152129,1
1597,610140,0.909450,2.152129,1
1598,610140,0.910200,2.152129,1
1599,610140,0.913400,2.152129,1
1600,610140,0.916050,2.152129,1
1601,610140,0.910500,2.152129,1
1602,610140,0.908500,2.152129,1
1603,610140,0.899500,2.152129,1
1604,610140,0.889500,2.152129,1
1605,610140,0.890500,2.152129,1
1606,610140,0.870500,2.152129,1
1607,610140,0.860500,2.152129,1
1608,610140,0.866500,2.152129,1
1609,610140,0.872500,2.152129,1
1610,610140,0.870500,2.152129,1
1611,610140,0.862000,2.152129,1
1612,610140,0.840500,2.152129,1
1613,610140,0.840500,2.152129,1
1614,610140,0.833500,2.152129,1
1615,610140,0.838500,2.152129,1
1616,610140,0.838500,2.152129,1
1617,610140,0.842000,2.152129,1
1618,610140,0.834500,2.152129,1
1619,610140,0.840500,2.152129,1
1620,610140,0.844000,2.152129,1
1621,610140,0.848000,2.152129,1
1622,610140,0.845500,2.152129,1
1623,610140,0.839500,2.152129,1
1624,610140,0.843000,2.152129,1
1625,610140,0.821500,2.152129,1
1626,610140,0.824000,2.152129,1
1627,610140,0.827000,2.152129,1
1628,610140,0.824200,2.152129,1
1629,610140,0.824300,2.152129,1
1630,610140,0.833400,2.152129,1
1631,610140,0.836600,2.152129,1
1632,610140,0.838900,2.152129,1
1633,610140,0.847100,2.152129,1
1634,610140,0.853900,2.152129,1
1635,610140,0.856800,2.152129,1
1636,610140,0.855100,2.152129,1
1637,610140,0.859600,2.152129,1
1638,610140,0.854500,2.152129,1
1639,610140,0.859800,2.152129,1
1640,610140,0.868300,2.152129,1
1641,610140,0.868300,2.152129,1
1642,610140,0.869400,2.152129,1
1643,610140,0.875300,2.152129,1
1644,610140,0.876200,2.152129,1
1645,610140,0.870200,2.152129,1
1646,610140,0.866600,2.152129,1
1647,610140,0.865000,2.152129,1
1648,610140,0.867200,2.152129,1
1649,610140,0.857800,2.152129,1
1650,610140,0.861300,2.152129,1
1651,610140,0.856900,2.152129,1
1652,610140,0.859100,2.152129,1
1653,610140,0.856000,2.152129,1
1654,610140,0.853500,2.152129,1
1655,610140,0.853700,2.152129,1
1656,610140,0.849950,2.152129,1
1657,610140,0.850200,2.152129,1
1658,610140,0.852550,2.152129,1
1659,610140,0.852550,2.152129,1
1660,610140,0.849750,2.152129,1
1661,610140,0.848500,2.152129,1
1662,610140,0.844000,2.152129,1
1663,610140,0.844550,2.152129,1
1664,610140,0.845950,2.152129,1
1665,610140,0.845000,2.152129,1
1666,610140,0.844350,2.152129,1
1667,610140,0.844350,2.152129,1
1668,610140,0.837200,2.152129,1
1669,610140,0.831800,2.152129,1
1670,610140,0.831400,2.152129,1
1671,610140,0.831100,2.152129,1
1672,610140,0.830950,2.152129,1
1673,610140,0.828300,2.152129,1
1674,610140,0.826750,2.152129,1
1675,610140,0.827050,2.152129,1
1676,610140,0.835000,2.152129,1
1677,610140,0.834000,2.152129,1
1678,610140,0.819500,2.152129,1
1679,610140,0.819000,2.152129,1
1680,610140,0.811500,2.152129,1
1681,610140,0.813500,2.152129,1
1682,610140,0.818500,2.152129,1
1683,610140,0.797000,2.152129,1
1684,610140,0.806000,2.152129,1
1685,610140,0.803500,2.152129,1
1686,610140,0.790500,2.152129,1
1687,610140,0.807000,2.152129,1
1688,610140,0.819500,2.152129,1
1689,610140,0.826500,2.152129,1
1690,610140,0.838000,2.152129,1
1691,610140,0.839500,2.152129,1
1692,610140,0.840500,2.152129,1
1693,610140,0.824500,2.152129,1
1694,610140,0.831500,2.152129,1
1695,610140,0.836000,2.152129,1
1696,610140,0.820500,2.152129,1
1697,610140,0.816500,2.152129,1
1698,610140,0.823500,2.152129,1
1699,610140,0.826500,2.152129,1
1700,610140,0.827500,2.152129,1
1701,610140,0.825500,2.152129,1
1702,610140,0.824500,2.152129,1
1703,610140,0.822900,2.152129,1
1704,610140,0.823500,2.152129,1
1705,610140,0.817500,2.152129,1
1706,610140,0.817000,2.152129,1
1707,610140,0.820400,2.152129,1
1708,610140,0.821800,2.152129,1
1709,610140,0.815200,2.152129,1
1710,610140,0.812500,2.152129,1
1711,610140,0.812600,2.152129,1
1712,610140,0.815700,2.152129,1
1713,610140,0.817900,2.152129,1
1714,610140,0.805200,2.152129,1
1715,610140,0.805900,2.152129,1
1716,610140,0.807000,2.152129,1
1717,610140,0.800300,2.152129,1
1718,610140,0.801900,2.152129,1
1719,610140,0.806300,2.152129,1
1720,610140,0.801500,2.152129,1
1721,610140,0.804100,2.152129,1
1722,610140,0.800300,2.152129,1
1723,610140,0.800000,2.152129,1
1724,610140,0.804600,2.152129,1
1725,610140,0.803100,2.152129,1
1726,610140,0.806150,2.152129,1
1727,610140,0.805450,2.152129,1
1728,610140,0.806200,2.152129,1
1729,610140,0.806650,2.152129,1
1730,610140,0.812550,2.152129,1
1731,610140,0.820450,2.152129,1
1732,610140,0.825500,2.152129,1
1733,610140,0.825700,2.152129,1
1734,610140,0.829350,2.152129,1
1735,610140,0.830350,2.152129,1
1736,610140,0.832400,2.152129,1
1737,610140,0.838150,2.152129,1
1738,610140,0.844950,2.152129,1
1739,610140,0.847150,2.152129,1
1740,610140,0.847000,2.152129,1
1741,610140,0.851950,2.152129,1
1742,610140,0.853100,2.152129,1
1743,610140,0.854950,2.152129,1
1744,610140,0.856850,2.152129,1
1745,610140,0.862350,2.152129,1
1746,610140,0.862900,2.152129,1
1747,610140,0.866300,2.152129,1
1748,610140,0.873500,2.152129,1
1749,610140,0.877050,2.152129,1
1750,610140,0.877300,2.152129,1
1751,610140,0.877000,2.152129,1
1752,610140,0.890500,2.152129,1
1753,610140,0.881500,2.152129,1
1754,610140,0.882000,2.152129,1
1755,610140,0.878000,2.152129,1
1756,610140,0.888500,2.152129,1
1757,610140,0.890000,2.152129,1
1758,610140,0.890500,2.152129,1
1759,610140,0.888000,2.152129,1
1760,610140,0.886000,2.152129,1
1761,610140,0.877500,2.152129,1
1762,610140,0.868000,2.152129,1
1763,610140,0.862500,2.152129,1
1764,610140,0.864000,2.152129,1
1765,610140,0.866500,2.152129,1
1766,610140,0.860000,2.152129,1
1767,610140,0.851000,2.152129,1
1768,610140,0.856000,2.152129,1
1769,610140,0.843500,2.152129,1
1770,610140,0.848000,2.152129,1
1771,610140,0.845500,2.152129,1
1772,610140,0.851500,2.152129,1
1773,610140,0.854000,2.152129,1
1774,610140,0.842000,2.152129,1
1775,610140,0.850000,2.152129,1
1776,610140,0.849900,2.152129,1
1777,610140,0.845000,2.152129,1
1778,610140,0.845000,2.152129,1
1779,610140,0.842700,2.152129,1
1780,610140,0.848900,2.152129,1
1781,610140,0.855600,2.152129,1
1782,610140,0.862200,2.152129,1
1783,610140,0.865800,2.152129,1
1784,610140,0.866700,2.152129,1
1785,610140,0.864600,2.152129,1
1786,610140,0.867900,2.152129,1
1787,610140,0.868600,2.152129,1
1788,610140,0.865500,2.152129,1
1789,610140,0.863600,2.152129,1
1790,610140,0.865700,2.152129,1
1791,610140,0.871000,2.152129,1
1792,610140,0.872700,2.152129,1
1793,610140,0.874700,2.152129,1
1794,610140,0.868900,2.152129,1
1795,610140,0.867500,2.152129,1
1796,610140,0.871800,2.152129,1
1797,610140,0.870500,2.152129,1
1798,610140,0.870900,2.152129,1
1799,610140,0.870900,2.152129,1
1800,610140,0.878400,2.152129,1
1801,610140,0.874700,2.152129,1
1802,610140,0.873900,2.152129,1
1803,610140,0.868450,2.152129,1
1804,610140,0.864850,2.152129,1
1805,610140,0.862850,2.152129,1
1806,610140,0.861200,2.152129,1
1807,610140,0.858350,2.152129,1
1808,610140,0.857500,2.152129,1
1809,610140,0.855450,2.152129,1
1810,610140,0.858350,2.152129,1
1811,610140,0.857300,2.152129,1
1812,610140,0.856850,2.152129,1
1813,610140,0.855050,2.152129,1
1814,610140,0.855850,2.152129,1
1815,610140,0.853200,2.152129,1
1816,610140,0.853250,2.152129,1
1817,610140,0.855500,2.152129,1
1818,610140,0.852700,2.152129,1
1819,610140,0.852500,2.152129,1
1820,610140,0.851900,2.152129,1
1821,610140,0.848250,2.152129,1
1822,610140,0.850250,2.152129,1
1823,610140,0.851700,2.152129,1
1824,610140,0.851600,2.152129,1
1825,610140,0.845550,2.152129,1
1826,610140,0.835000,2.152129,1
1827,610140,0.835000,2.152129,1
1828,610140,0.831000,2.152129,1
1829,610140,0.844500,2.152129,1
1830,610140,0.846500,2.152129,1
1831,610140,0.842500,2.152129,1
1832,610140,0.836000,2.152129,1
1833,610140,0.832500,2.152129,1
1834,610140,0.849000,2.152129,1
1835,610140,0.849500,2.152129,1
1836,610140,0.852500,2.152129,1
1837,610140,0.850500,2.152129,1
1838,610140,0.854000,2.152129,1
1839,610140,0.846500,2.152129,1
1840,610140,0.848000,2.152129,1
1841,610140,0.847500,2.152129,1
1842,610140,0.843000,2.152129,1
1843,610140,0.854000,2.152129,1
1844,610140,0.861500,2.152129,1
1845,610140,0.859000,2.152129,1
1846,610140,0.863500,2.152129,1
1847,610140,0.869500,2.152129,1
1848,610140,0.873000,2.152129,1
1849,610140,0.878000,2.152129,1
1850,610140,0.893000,2.152129,1
1851,610140,0.894000,2.152129,1
1852,610140,0.889800,2.152129,1
1853,610140,0.892500,2.152129,1
1854,610140,0.888800,2.152129,1
1855,610140,0.889300,2.152129,1
1856,610140,0.892100,2.152129,1
1857,610140,0.891700,2.152129,1
1858,610140,0.888600,2.152129,1
1859,610140,0.885600,2.152129,1
1860,610140,0.883400,2.152129,1
1861,610140,0.883800,2.152129,1
1862,610140,0.882000,2.152129,1
1863,610140,0.876600,2.152129,1
1864,610140,0.879600,2.152129,1
1865,610140,0.876400,2.152129,1
1866,610140,0.877100,2.152129,1
1867,610140,0.873600,2.152129,1
1868,610140,0.869600,2.152129,1
1869,610140,0.871600,2.152129,1
1870,610140,0.872800,2.152129,1
1871,610140,0.866800,2.152129,1
1872,610140,0.862600,2.152129,1
1873,610140,0.864700,2.152129,1
1874,610140,0.862400,2.152129,1
1875,610140,0.857000,2.152129,1
1876,610140,0.856600,2.152129,1
1877,610140,0.847150,2.152129,1
1878,610140,0.844150,2.152129,1
1879,610140,0.843200,2.152129,1
1880,610140,0.846900,2.152129,1
1881,610140,0.849700,2.152129,1
1882,610140,0.853200,2.152129,1
1883,610140,0.851550,2.152129,1
1884,610140,0.855400,2.152129,1
1885,610140,0.857950,2.152129,1
1886,610140,0.860550,2.152129,1
1887,610140,0.859800,2.152129,1
1888,610140,0.859850,2.152129,1
1889,610140,0.859450,2.152129,1
1890,610140,0.858550,2.152129,1
1891,610140,0.862900,2.152129,1
1892,610140,0.857700,2.152129,1
1893,610140,0.861850,2.152129,1
1894,610140,0.868450,2.152129,1
1895,610140,0.870500,2.152129,1
1896,610140,0.870750,2.152129,1
1897,610140,0.876100,2.152129,1
1898,610140,0.876750,2.152129,1
1899,610140,0.880400,2.152129,1
1900,610140,0.881550,2.152129,1
1901,610140,0.882000,2.152129,1
1902,610140,0.875500,2.152129,1
1903,610140,0.861000,2.152129,1
1904,610140,0.865000,2.152129,1
1905,610140,0.861500,2.152129,1
1906,610140,0.848000,2.152129,1
1907,610140,0.853000,2.152129,1
1908,610140,0.842000,2.152129,1
1909,610140,0.851500,2.152129,1
1910,610140,0.859500,2.152129,1
1911,610140,0.854500,2.152129,1
1912,610140,0.849500,2.152129,1
1913,610140,0.862000,2.152129,1
1914,610140,0.860500,2.152129,1
1915,610140,0.860000,2.152129,1
1916,610140,0.858500,2.152129,1
1917,610140,0.862500,2.152129,1
1918,610140,0.874000,2.152129,1
1919,610140,0.857500,2.152129,1
1920,610140,0.845000,2.152129,1
1921,610140,0.827000,2.152129,1
1922,610140,0.833500,2.152129,1
1923,610140,0.834500,2.152129,1
1924,610140,0.840000,2.152129,1
1925,610140,0.839500,2.152129,1
1926,610140,0.842400,2.152129,1
1927,610140,0.845800,2.152129,1
1928,610140,0.846800,2.152129,1
1929,610140,0.847100,2.152129,1
1930,610140,0.847100,2.152129,1
1931,610140,0.846600,2.152129,1
1932,610140,0.843800,2.152129,1
1933,610140,0.847000,2.152129,1
1934,610140,0.847600,2.152129,1
1935,610140,0.848500,2.152129,1
1936,610140,0.842300,2.152129,1
1937,610140,0.846400,2.152129,1
1938,610140,0.851600,2.152129,1
1939,610140,0.855600,2.152129,1
1940,610140,0.846700,2.152129,1
1941,610140,0.846400,2.152129,1
1942,610140,0.846700,2.152129,1
1943,610140,0.849900,2.152129,1
1944,610140,0.857300,2.152129,1
1945,610140,0.863900,2.152129,1
1946,610140,0.866800,2.152129,1
1947,610140,0.870000,2.152129,1
1948,610140,0.871100,2.152129,1
1949,610140,0.873900,2.152129,1
1950,610140,0.875300,2.152129,1
1951,610140,0.874300,2.152129,1
1952,610140,0.875300,2.152129,1
1953,610140,0.871250,2.152129,1
1954,610140,0.869850,2.152129,1
1955,610140,0.866950,2.152129,1
1956,610140,0.866650,2.152129,1
1957,610140,0.864500,2.152129,1
1958,610140,0.863700,2.152129,1
1959,610140,0.860250,2.152129,1
1960,610140,0.854200,2.152129,1
1961,610140,0.853000,2.152129,1
1962,610140,0.857550,2.152129,1
1963,610140,0.855450,2.152129,1
1964,610140,0.851850,2.152129,1
1965,610140,0.853600,2.152129,1
1966,610140,0.849000,2.152129,1
1967,610140,0.844150,2.152129,1
1968,610140,0.846700,2.152129,1
1969,610140,0.853100,2.152129,1
1970,610140,0.852150,2.152129,1
1971,610140,0.852750,2.152129,1
1972,610140,0.851800,2.152129,1
1973,610140,0.850400,2.152129,1
1974,610140,0.851550,2.152129,1
1975,610140,0.849950,2.152129,1
1976,610140,0.855500,2.152129,1
1977,610140,0.857000,2.152129,1
1978,610140,0.867000,2.152129,1
1979,610140,0.869000,2.152129,1
1980,610140,0.868500,2.152129,1
1981,610140,0.866500,2.152129,1
1982,610140,0.862000,2.152129,1
1983,610140,0.854500,2.152129,1
1984,610140,0.855500,2.152129,1
1985,610140,0.863000,2.152129,1
1986,610140,0.878000,2.152129,1
1987,610140,0.883000,2.152129,1
1988,610140,0.895000,2.152129,1
1989,610140,0.900000,2.152129,1
1990,610140,0.907000,2.152129,1
1991,610140,0.909000,2.152129,1
1992,610140,0.912000,2.152129,1
1993,610140,0.919500,2.152129,1
1994,610140,0.927500,2.152129,1
1995,610140,0.935500,2.152129,1
1996,610140,0.948500,2.152129,1
1997,610140,0.948000,2.152129,1
1998,610140,0.949000,2.152129,1
1999,610140,0.946500,2.152129,1
2000,610140,0.948500,2.152129,1
